page,paragraph_id,paragraph
0,0,FÖRORD
0,1,"Denna läroplan ersätter 1980 års läroplan för grundskolan (Lgr 80), läroplan för den obligatoriska särskolan (Lsä 90), samt kompletterande föreskrifter till Lgr 80 för specialskolan."
0,2,Läroplanen utgår från en ansvarsfördelning där staten anger de övergripande målen och riktlinjerna för skolverksamheten och kommunerna svarar för genomförandet. För sameskolan och specialskolan är staten huvudman.
0,3,Läroplanen styr äroplanen skall styra skolan och innehåller bindande föreskrifter för dess verksamhet. I läroplanen formuleras skolans värdegrund och uppgifter samt anges mål och ri! riktlinjer för verksamheten. Där anges också vem som har ansvar för en viss verksamhet i skolan och vad detta ansvar innebär. Läroplanen uttrycker därmed vilka krav staten ställer på skolan. Läroplanen uttrycker också vilka krav och förväntningar elever och föräldrar kan ha på skolan och vilka krav skolan ställer på eleverna.
0,4,Läroplanen gäller alla obligatoriska skolformer
0,5,"Denna läroplan gäller för det obligatoriska skolväsendet, dvs för grundskolan, sameskolan, specialskolan och den obligatoriska särskolan. De olika skolformerna har delvis skilda uppgifter och förutsättningar. Detta framgår också av läroplanen."
0,6,Läroplanen bygger på skollagen
0,7,"I I kap. 2 $ skollagen (1985:1100) finns de grundläggande bestämmelserna om hur det offentliga skolväsendet för barn och ungdom skall utformas. Alla barn och ungdomar skall ha lika tillgång till utbildning och, inom varje skolform, få en likvärdig utbildning. Skolan skall ge eleverna kunskaper och färdigheter och, i samarbete med hemmen, främja deras harmoniska utveckling till ansvarskännande människor och samhällsmedlemmar. I utbildningen skall hänsyn tas till elever med särskilda behov."
0,8,Läroplanens utformning
0,9,Läroplanens inledande avsnitt behandlar skolans värdegrund och uppgifter. De mål och riktlinjer som därefter följer skall förstås mot denna bakgrund.
1,10,— FÖRORD
1,11,Mål och riktlinjer för skolans verksamhet anges för följande områden:
1,12,- Kunskaper
1,13,= Normer och värden
1,14,- Elevernas ansvar och inflytande
1,15,- Skola och hem
1,16,- Skola — förskola — skolbarnsomsorg
1,17,- Skolan och omvärlden
1,18,- Bedömning och betyg
1,19,- Rektors ansvar
1,20,"Målen anger inriktningen på skolans arbete. De är av två slag. Det är dels de mål som skolan skall sträva mot, dels de mål som skolan ansvarar för att alla elever ges möjligheter att nå. Ansvaret för att skolans arbete bedrivs i riktning mot målen åvilar såväl skolhuvudmannen och rektorn, som skolans övriga personal. Riktlinjerna är utformade så att ansvarsfördelningen i skolan framgår."
1,21,"På vissa ställen i läroplanen talas om föräldrarna istället för vårdnadshavarna. Så är bl.a fallet när det gäller föreskrifter om information rörande elevernas skolgång. Detta är en markering, som utgår från att båda föräldrarna bör ha intresse för och omsorger om sina barn, även om det bara är den ena av dem som har den rättsliga vårdnaden, t.ex efter en separation. Brister denna förutsättning helt, kan föreskriften komma i konflikt med elevernas bästa. I en sådan situation får skolans ansvar för elevernas bästa ta över."
1,22,Kursplaner och timplaner kompletterar läroplanen
1,23,Läroplanen kompletteras med kursplaner för alla ämnen och timplaner för de olika skolformerna. Kursplanen anger målen för utbildningen i det enskilda ämnet och timplanen anger undervisningstiden för ämnen och grupper av ämnen.
1,24,Undervisningsmål
1,25,"De mål och riktlinjer för utbildningen som anges i skollagen, läroplanen och kursplanerna skall konkretiseras i den lokala planeringen. Av skolplanen, som antas av kommunfullmäktige, skall de åtgärder som kommunen avser att vidta för att uppnå de riksgiltiga målen för skolan framgå."
1,26,I den lokala arbetsplanen skall den enskilda skolan ange hur målen skall förverkligas och hur verksamheten skall utformas och organiseras. Där anges således mål för verksamheten som helhet. Lärarna utformar tillsammans med eleverna undervisningsmål. Dessa mål och olika elevgruppers behov och förutsättningar är utgångspunkten för val av arbetssätt.
2,27,LÄROPLAN Lpo 94
2,28,Riktlinjer Alla som arbetar i skolan skall e hjälpa elever som behöver särskilt stöd och e samverka för att göra skolan till en god miljö för lärande.
2,29,"Läraren skall e utgå från varje enskild elevs behov, förutsättningar, erfarenheter och tänkande, stärka elevens vilja att lära och elevens tillit till den egna förmågan, ge utrymme för elevens förmåga att själv skapa och använda olika uttrycksmedel,"
2,30,"e stimulera, handleda och ge särskilt stöd till elever som har svårigheter,"
2,31,e samverka med andra lärare i arbetet för att nå utbildningsmålen och e organisera och genomföra arbetet så att eleven
2,32,"- utvecklas efter sina förutsättningar och samtidigt stimuleras att använda och utveckla hela sin förmåga,"
2,33,"- upplever att kunskap är meningsfull och att den egna kunskapsutvecklingen går framåt,"
2,34,"- får stöd i sin språk- och kommunikationsutveckling,"
2,35,"— successivt får fler och större självständiga uppgifter och ett ökat eget ansvar,"
2,36,"- får möjligheter till ämnesfördjupning, överblick och sammanhang och"
2,37,- får möjligheter att arbeta ämnesövergripande.
2,38,2.2 Normer och värden
2,39,Skolan skall aktivt och medvetet påverka och stimulera eleverna att omfatta vårt samhälles gemensamma värderingar och låta dem komma till uttryck i praktisk vardaglig handling.
2,40,Mål
2,41,Mål att sträva mot
2,42,"Skolan skall sträva efter att varje elev e utvecklar sin förmåga att göra medvetna etiska ställningstaganden grundade på kunskaper och personliga erfarenheter,"
2,43,"e respekterar andra människors egenvärde,"
2,44,"e tar avstånd från att människor utsätts för förtryck och kränkande behandling samt medverkar till att bistå andra människor,"
2,45,e kan leva sig in i och förstå andra människors situation och utvecklar en vilja att handla också med deras bästa för ögonen och
3,46,LÄROPLAN Lpo 94 e visar respekt för och omsorg om såväl närmiljön som miljön i ett vidare perspektiv.
3,47,Riktlinjer
3,48,"Alla som arbetar i skolan skall e medverka till att utveckla elevernas känsla för samhörighet, solidaritet och ansvar för människor också utanför den närmaste gruppen,"
3,49,e i sin verksamhet bidra till att skolan präglas av solidaritet mellan människor och e aktivt motverka trakasserier och förtryck av individer eller grupper.
3,50,"Läraren skall e visa respekt för den enskilda eleven och i det vardagliga arbetet utgå från ett demokratiskt förhållningssätt,"
3,51,"e klargöra och med eleverna diskutera det svenska samhällets värdegrund och dess konsekvenser för det personliga handlandet,"
3,52,"e öppet redovisa och diskutera skiljaktiga värderingar, uppfattningar och problem,"
3,53,e tillsammans med eleverna utveckla regler för arbetet och samvaron i den egna gruppen och e samarbeta med hemmen i elevernas fostran och därvid klargöra skolans normer och regler som en grund för arbetet i skolan och för samarbetet.
3,54,2.3 Elevernas ansvar och inflytande
3,55,"De demokratiska principerna att kunna påverka, ta ansvar och vara delaktig, skall omfatta alla elever. Elevernas kunskapsmässiga och sociala utveckling förutsätter att de tar ett allt större ansvar för det egna arbetet och för skolmiljön samt att de får ett reellt inflytande på utbildningens utformning. Enligt skollagen åligger det alla som arbetar i skolan att verka för demokratiska arbetsformer (1 kap. 2 $)."
3,56,Mål
3,57,Mål att sträva mot
3,58,"Skolan skall sträva efter att varje elev e tar ett personligt ansvar för sina studier och sin arbetsmiljö,"
3,59,e successivt utövar ett allt större inflytande över sin utbildning och det inre arbetet i skolan och e har kunskap om demokratins principer och utvecklar sin förmåga att arbeta i demokratiska former.
4,60,LÄROPLAN Lpo 94
4,61,"Riktlinjer Alla som arbetar i skolan skall e främja elevernas förmåga och vilja till ansvar och inflytande över den sociala, kulturella och fysiska skolmiljön."
4,62,"Läraren skall e utgå från att eleverna kan och vill ta ett personligt ansvar för sin inlärning och för sitt arbete i skolan,"
4,63,"e se till att alla elever oavsett kön och social och kulturell bakgrund får ett reellt inflytande på arbetssätt, arbetsformer och undervisningens innehåll samt att detta inflytande ökar med stigande ålder och mognad,"
4,64,"e verka för att flickor och pojkar får ett lika stort inflytande över och utrymme i undervisningen,"
4,65,"e svara för att eleverna får pröva olika arbetssätt och arbetsformer,"
4,66,e tillsammans med eleverna planera och utvärdera undervisningen och e förbereda eleverna för delaktighet och medansvar och för de rättigheter och skyldigheter som präglar ett demokratiskt samhälle.
4,67,2.4 Skola och hem
4,68,Skolans och vårdnadshavarnas gemensamma ansvar för elevernas skolgång skall skapa de bästa möjliga förutsättningarna för barns och ungdomars utveckling och lärande.
4,69,Riktlinjer Alla som arbetar i skolan skall e samarbeta med elevernas vårdnadshavare så att man tillsammans kan utveckla skolans innehåll och verksamhet.
4,70,Läraren skall e samverka med och fortlöpande informera föräldrarna om elevens skolsituation och kunskapsutveckling och e hålla sig informerad om den enskilda elevens personliga situation och därvid iaktta respekt för elevens integritet.
4,71,2.3 Skola - förskola - skolbarnsomsorg
4,72,Skolan skall sträva efter att nå ett förtroendefullt samarbete med förskolan och skolbarnsomsorgen för att stödja barnens allsidiga utveckling. För de barn som ännu inte har börjat skolan skall sam***** PAGE 5 *****
4,73,LÄROPLAN Lpo 94
4,74,arbetet särskilt inriktas på att underlätta skolstarten genom ett nära samarbete med den skolförberedande verksamheten. Samarbetet skall utgå från de riksgiltiga och lokala mål och riktlinjer som gäller för respektive verksamhet.
4,75,Riktlinjer
4,76,"Läraren skall e tillsammans med personalen inom förskolan och skolbarnsomsorgen uppmärksamma varje barns behov av stöd och stimulans,"
4,77,e ta del av förskolepersonalens kunskaper och erfarenheter och samverka med dem och e samverka med personalen inom skolbarnsomsorgen i syfte att främja barnets skolgång och allsidiga utveckling.
4,78,2.6 Skolan och omvärlden
4,79,Eleverna skall få en utbildning av hög kvalitet i skolan. De skall också få underlag för att välja fortsatt utbildning. Detta förutsätter att den obligatoriska skolan nära samverkar med de frivilliga skolformer som eleverna fortsätter till. Det förutsätter också en samverkan med arbetslivet och närsamhället i övrigt.
4,80,Mål
4,81,Mål att sträva mot
4,82,Skolan skall sträva efter att varje elev e inhämtar tillräckliga kunskaper och erfarenheter för att
4,83,"- kunna granska olika valmöjligheter och ta ställning till frågor som rör den egna framtiden,"
4,84,"- få en inblick i närsamhällets och dess arbets-, förenings- och kulturliv och"
4,85,- få kännedom om möjligheter till fortsatt utbildning i Sverige och i andra länder.
4,86,Riktlinjer
4,87,"Alla som arbetar i skolan skall e verka för att utveckla kontakter med kultur- och arbetsliv, föreningsliv samt andra verksamheter utanför skolan som kan berika den som en lärande miljö och e bidra till att motverka sådana begränsningar i elevens studie- och yrkesval som grundar sig på kön eller social eller kulturell bakgrund."
6,88,LÄROPLAN Lpo 94
6,89,"Läraren skall bidra med underlag för varje elevs val av fortsatt utbildning och medverka till att utveckla kontakter med mottagande skolor samt med organisationer, företag och andra som kan bidra till att berika skolans verksamhet och förankra den i det omgivande samhället."
6,90,"Syopersonalen, eller den personal som fullgör motsvarande uppgifter, skall informera och vägleda eleverna inför den fortsatta utbildningen och yrkesvalet och vara till stöd för den övriga personalens studie- och yrkesorienterande insatser."
6,91,2.7 Bedömning och betyg
6,92,Betyget uttrycker i vad mån den enskilda eleven har uppnått de mål som uttrycks i kursplanen för respektive ämne. Som stöd för betygssättningen finns ämnesspecifika kriterier för olika kvalitetssteg. Dessa betygskriterier anges i anslutning till respektive kursplan.
6,93,Mål
6,94,Mål att sträva mot Skolan skall sträva efter att varje elev utvecklar ett allt större ansvar för sina studier och utvecklar förmågan att själv bedöma sina resultat och ställa egen och andras bedömning i relation till de egna arbetsprestationerna och förutsättningarna.
6,95,Riktlinjer
6,96,"Läraren skall genom utvecklingssamtal främja elevernas kunskapsmässiga och sociala utveckling,"
6,97,"utifrån kursplanernas krav allsidigt utvärdera varje elevs kunskapsutveckling, muntligt och skriftligt redovisa detta för eleven och hemmen samt informera rektorn,"
6,98,med utgångspunkt i föräldrarnas önskemål fortlöpande informera elever och hem om studieresultat och utvecklingsbehov och vid betygssättningen utnyttja all tillgänglig information om elevens kunskaper i förhållande till kraven i kursplanen och göra en allsidig bedömning av dessa kunskaper.
7,99,LÄROPLAN Lpo 94
7,100,2.8 Rektors ansvar
7,101,ÄRE SAR SNRA Sri
7,102,"Som pedagogisk ledare och chef för lärarna och övrig personal i skolan har rektorn det övergripande ansvaret för att verksamheten som helhet inriktas på att nå de riksgiltiga målen. Rektorn ansvarar för att en lokal arbetsplan upprättas samt för att skolans resultat följs upp och utvärderas i förhållande till de riksgiltiga målen och till målen i skolplanen och den lokala arbetsplanen. Rektorn har ansvaret för skolans resultat och har därvid, inom givna ramar, ett särskilt ansvar för:"
7,103,"- Utformningen av skolans arbetsmiljö så att eleverna får tillgång till handledning, läromedel av god kvalitet och annat stöd för att själva kunna söka och utveckla kunskaper. Sådant stöd kan t.ex vara bibliotek, datorer och andra hjälpmedel."
7,104,- Samordningen av undervisningen i olika ämnen så att eleverna får möjlighet att uppfatta större kunskapsområden som en helhet.
7,105,"= Ansvaret för att ämnesövergripande kunskapsområden integreras i undervisningen i olika ämnen. Sådana kunskapsområden är exempelvis miljö, trafik, jämställdhet, konsumentfrågor, sex- och samlevnad samt riskerna med tobak, alkohol, narkotika och andra droger. - Utformningen av undervisningen och elevvårdsverksamheten så att eleverna får det särskilda stöd och den särskilda hjälp de behöver. - Den kompetensutveckling som krävs för att personalen professionellt skall kunna utföra sina uppgifter."
7,106,- Utvecklingen av formerna för samarbetet mellan skolan och hemmen och för föräldrarnas information om skolans mål och sätt att arbeta och om olika valalternativ.
7,107,- Kontakten mellan skolan och hemmet om det uppstår problem och svårigheter för eleven i skolan.
7,108,- Anpassningen av resursfördelningen och stödåtgärderna till den värdering av elevernas utveckling som lärare gör.
7,109,- Skolans program för att motverka alla former av trakasserier och mobbning bland elever och anställda.
7,110,- Samverkan med förskola och skolbarnsomsorg för att skapa förutsättningar för en samsyn och ett förtroendefullt samarbete.
7,111,- Samverkan med mottagande skolor och arbetslivet utanför skolan för att ge eleverna egna konkreta erfarenheter av betydelse för deras val av fortsatt utbildning och yrkesinriktning.
7,112,- Organisationen av den studie- och yrkesorienterande verksamheten så att eleverna får vägledning inför de olika val som skolan erbjuder och inför val av fortsatt utbildningsväg.
7,113,- Utvecklingen av skolans internationella kontakter.
7,114,- Skolpersonalens kännedom om de internationella överenskommelser som Sverige har förbundit sig att beakta i utbildningen.
8,115,1. Denna förordning skall kungöras i Statens skolverks författningssamling (SKOLES).
8,116,"Förordningen träder i kraft den 1 juli 1995. 2. Genom förordningen upphävs a. 1980 års läroplan för grundskolan (Lgr 80) sådan den har kungjorts i Skolöverstyrelsens publikation Läroplaner,"
8,117,"b de kompletterande föreskrifter till Lgr 80 som Skolöverstyrelsen fastställt för specialskolan,"
8,118,c läroplanen för den obligatoriska särskolan (Lsä 90) som har kungjorts i Skolöverstyrelsens publikation Läroplaner.
8,119,3. I grundskolan skall den upphävda Lgr 80 dock fortfarande tillämpas för årskurserna 8 och 9 under läsåret 1995/96 och för årskurs 9 under läsåret 1996/97.
8,120,"4. I specialskolan skall de upphävda författningarna i punkt 2 a och b dock fortfarande tillämpas för årskurserna 8—- 10 under läsåret 1995/96, för årskurserna 9 och 10 under läsåret 1996/97 och för årskurs 10 under läsåret 1997/98."
8,121,5. I särskolan skall den upphävda Lsä 90 dock fortfarande tillämpas för årskurserna 8—-10 under läsåret 1995/96 och för årskurs 9 under läsåret 1996/97. Lsä 90 får även tillämpas för årskurs 10 under läsåren 1996/97 och 1997/98.
8,122,På regeringens vägnar BEATRICE ASK
8,123,Eva-Stina Hultinger (Utbildningsdepartementet)
9,124,FÖRORD
9,125,"Denna läroplan ersätter 1970 års läroplan för gymnasieskolan (Lgy 70),1982 års läroplan för vuxenutbildning (Lvux 82) och för gymnasiesärskolan 1973 års läroplan för särskolan."
9,126,Läroplanen utgår från en ansvarsfördelning där staten anger de övergripande målen och riktlinjerna för skolverksamheten och kommunerna och landstingen svarar för genomförandet. För statens skolor för vuxna är staten huvudman. .
9,127,Läroplanen styr 4 äroplanen skall styra skolan och innehåller bindande föreskrifter för dess verksamhet. I läroplanen formuleras sko— lans värdegrund och uppgifter samt anges mål och riktmma linjer för verksamheten. Där anges också vem som har ansvar för en viss verksamhet i skolan och vad detta ansvar innebär. Läroplanen uttrycker därmed vilka krav staten ställer på skolan. Läroplanen uttrycker också vilka krav och förväntningar elever kan ha på skolan och vilka krav skolan ställer på eleverna.
9,128,Läroplanen gäller för frivilliga skolformer
9,129,"Denna läroplan gäller för gymnasieskolan, gymnasiesärskolan, den kommunala vuxenutbildningen, statens skolor för vuxna och vuxenutbildningen för utvecklingsstörda. Skolans värdegrund och uppgifter är gemensamma för hela det frivilliga skolväsendet, vilket är en av förutsättningarna för samverkan mellan de frivilliga skolformerna. De grundläggande värdena är till stora delar gemensamma för hela skolväsendet, dvs för såväl de obligatoriska som de frivilliga skolformerna."
9,130,De olika frivilliga skolformerna har också delvis skilda uppgifter och förutsättningar. Detta framgår också av läroplanen.
9,131,Läroplanen bygger på skollagen
9,132,"De grundläggande målen för skolväsendet framgår av 1 kap skollagen (1985:1100). Utbildningen skall inom varje skolform vara likvärdig, varhelst den anordnas i landet."
9,133,"Utbildningen skall ge eleverna kunskaper och färdigheter. Utbildningen för ungdomar skall, i samarbete med hemmen, främja elevernas harmoniska utveckling till ansvarskännande människor och samhällsmedlemmar. I utbildningen skall hänsyn tas till elever med särskilda behov."
10,134,FÖRORD
10,135,Vuxna skall ges tillfälle att komplettera sin utbildning. Härigenom skall främst de som erhållit minst utbildning få möjlighet att stärka sin ställning i arbetslivet och i det kulturella och politiska livet.
10,136,Skollagen innehåller också bestämmelser om elevers rättigheter och om kommuners och landstings skyldigheter.
10,137,Läroplanens utformning
10,138,Läroplanens inledande avsnitt behandlar värdegrund och uppgifter som gäller hela den frivilliga skolan. Följande avsnitt behandlar särskilda uppgifter och mål för de olika frivilliga skolformerna. De mål och riktlinjer som därefter följer skall förstås mot denna bakgrund. Mål och riktlinjer för den frivilliga skolans verksamhet anges för följande områden:
10,139,- Kunskaper
10,140,= Normer och värden
10,141,—- Elevernas ansvar och inflytande
10,142,- Utbildningsval — arbete och samhällsliv
10,143,- Bedömning och betyg
10,144,—- Rektors ansvar
10,145,"Målen anger inriktningen på skolans arbete. De är av två slag. Det är dels de mål som skolan skall sträva mot, dels de mål som skolan ansvarar för att alla elever ges möjlighet att nå. Ansvaret för att skolans arbete bedrivs i riktning mot målen åvilar såväl skolhuvudmannen och rektor som skolans övriga personal. Riktlinjerna är utformade så att ansvarsfördelningen i skolan tydligt framgår."
10,146,Programmål och kursplaner kompletterar läroplanen
10,147,"Programmålen anger vilka kunskaper skolan skall sträva att ge eleverna under utbildningen i gymnasieskolan, gymnasiesärskolan och den grundläggande vuxenutbildningen samt i förekommande fall den gymnasiala vuxenutbildningen. Programmålen är på så sätt styrande även för arbetet med kursplaner för de frivilliga skolformerna."
10,148,"Kursplanerna anger dels kursernas syfte och mål, dels vilka kunskaper eleverna minst skall ha när de har slutfört utbildningen i respektive kurs."
10,149,"Timplanen för gymnasieskolans nationella program finns som en bilaga till skollagen. Timplanen anger den minsta garanterade undervisningstiden per ämne eller grupp av ämnen som en elev i gymnasieskolan har rätt till, såvida eleven inte dessförinnan minst har uppfyllt kunskapskraven i kursplanen. För gymnasial vuxenutbildning är denna timplan riktvärde för undervisningens omfattning. Timplanerna för den grundläggande vuxenutbildningen och gymnasiesärskolan skall finnas i respektive skolformsförordning. Även dessa timpla***** PAGE 11 *****"
10,150,FÖRORD
10,151,Internationella överenskommelser
10,152,För utbildningen gäller även de internationella deklarationer och överenskommelser som Sverige har förbundit sig att beakta i skolan.
10,153,Från normalplan till läroplan
10,154,"Denna läroplan har kommit till ca 150 år efter det att Sverige hade fått en allmän folkskola. Av den ”Kongl. Maj:ts Nådiga Stadga” som Carl XIV Johan undertecknade den 18 juni 1842 framgår att det var varje stadsförsamlings och varje sockens skyldighet att inrätta en skola. Någon läroplan i dagens mening fanns inte från början, men med tiden utgavs statliga normalplaner och 1919 kom en undervisningsplan för rikets folkskolor. Den första läroplanen kom när grundskolan genomfördes. Den innehöll, liksom senare läroplaner, mål och riktlinjer, timplaner och kursplaner. För särskolan utfärdades så småningom en särskild läroplan."
10,155,Även undervisningen av barn och ungdomar med funktionsnedsättning har en lång tradition och en stark förankring i Sverige. Redan 1869 utfärdades en kungörelse ”angående läroplan för undervisning i döfstumskolor”.
10,156,BEATRICE ASK Skolminister
10,157,Förordning om läroplan för det obligatoriska skolväsendet
10,158,Regeringen föreskriver' följande. 1$ Regeringen fastställer den läroplan för det obligatoriska skolväsendet som framgår av bilagan till denna förordning.
10,159,"2$ Läroplanen skall tillämpas första gången i årskurserna 1-7 läsåret 19935/96, i årskurs 8 läsåret 1996/97 och i årskurs 9 läsåret 1997/98 samt, såvitt gäller årskurs 10 i specialskolan, läsåret 1998/99."
10,160,"'Jfr prop. 1992/93:220, bet. 1993/94:UbU1, rskr. 1993/94:82."
12,161,FÖRORD
12,162,ner anger riktvärden för undervisningens omfattning. Detta innebär att timplanerna för vuxenutbildningen får överskridas eller underskridas beroende på hur mycket undervisning eleverna behöver för att uppfylla kunskapskraven i respektive kursplan.
12,163,Undervisningsmål
12,164,"De mål och riktlinjer för utbildningen som anges i skollagen, läroplanen, programmålen samt kursplanerna skall konkretiseras i den lokala planeringen. Av skolplanen, som antas av kommunfullmäktige, skall framgå de åtgärder som kommunen avser att vidta för att uppnå de riksgiltiga målen för skolan."
12,165,I den lokala arbetsplanen skall den enskilda skolan ange hur målen skall förverkligas och hur verksamheten skall utformas och organiseras. Där anges således mål för verksamheten som helhet. Lärarna utformar tillsammans med eleverna undervisningsmål. Dessa mål och olika elevgruppers behov och förutsättningar är utgångspunkten för val av arbetssätt.
12,166,Internationella överenskommelser
12,167,För utbildningen gäller även de internationella deklarationer och överenskommelser som Sverige har förbundit sig att beakta i skolan.
12,168,BEATRICE ASK Skolminister
12,169,Förordning om 1994 års läroplan för de frivilliga skolformerna utfärdad den 17 februari 1994.
12,170,"Regeringen föreskriver' att den läroplan som framgår av bilagan (1994 års läroplan för de frivilliga skolformerna) skall gälla för gymnasieskolan, den kommunala vuxenutbildningen (komvux), statens skolor för vuxna (SSV), gymnasiesärskolan och vuxenutbildningen för utvecklingsstörda (särvux)."
12,171,"'Jfr prop. 1992/93:250, bet. 1993/94:UbU2, rskr. 1993/94:93."
13,172,LÄROPLAN Lpf 94 1994 års läroplan för de frivilliga skolformerna (Lpf 94)
13,173,I SKOLANS VÄRDEGRUND OCH UPPGIFTER
13,174,I. I Grundläggande värden
13,175,Det offentliga skolväsendet vilar på demokratins grund. Skollagen (1985:1100) slår fast att verksamheten i skolan skall utformas i överensstämmelse med grundläggande demokratiska värderingar och att var och en som verkar inom skolan skall främja aktningen för varje människas egenvärde och respekten för vår gemensamma miljö (1 kap. 2 och 9 $$).
13,176,Skolan har en viktig uppgift när det gäller att förmedla och hos eleverna förankra de värden som vårt samhällsliv vilar på.
13,177,"Människolivets okränkbarhet, individens frihet och integritet, alla människors lika värde, jämställdhet mellan kvinnor och män samt solidaritet med svaga och utsatta är de värden som skolan skall gestalta och förmedla. I överenstämmelse med den etik som förvaltats av kristen tradition och västerländsk humanism sker detta genom individens fostran till rättskänsla, generositet, tolerans och ansvarstagande."
13,178,Undervisningen i skolan skall vara icke-konfessionell.
13,179,Skolans uppgift är att låta varje enskild elev finna sin unika egenart och därigenom kunna delta i samhällslivet genom att ge sitt bästa 1 ansvarig frihet.
13,180,Förståelse och medmänsklighet
13,181,"Skolan skall främja förståelse för andra människor och förmåga till inlevelse. Ingen skall i skolan utsättas för mobbning. Tendenser till trakasserier skall aktivt bekämpas. Främlingsfientlighet och intolerans måste bemötas med kunskap, öppen diskussion och aktiva insatser. Det svenska samhällets internationalisering och den växande rörligheten över nationsgränserna ställer höga krav på människors förmåga att leva med och inse de värden som ligger i en kulturell mångfald. Skolan är en social och kulturell mötesplats, som har både möjlighet och skyldighet att stärka denna förmåga hos alla som arbetar där. Förtrogenhet med Sveriges kultur och historia samt det svenska språket skall befästas genom undervisningen i många av skolans"
14,182,LÄROPLAN Lpf 94
14,183,"ämnen. En trygg identitet och medvetenhet om det egna kulturarvet stärker förmågan att förstå och leva sig in i andras villkor och värderingsgrunder. Skolan skall bidra till att människor får en identitet som kan relateras till och innefatta inte bara det specifikt svenska utan också det nordiska, det europeiska och ytterst det globala."
14,184,"Internationella kontakter, utbildningsutbyte med utlandet och praktik i andra länder skall främjas."
14,185,Saklighet och allsidighet
14,186,"Skolan skall vara öppen för skilda uppfattningar och uppmuntra att de framförs. Den skall framhålla betydelsen av personliga ställningstaganden och ge möjligheter till sådana. Undervisningen skall vara saklig och allsidig. Då värderingar redovisas, skall det alltid klart framgå vem det är som står för dem. Alla som verkar i skolan skall dock alltid hävda de grundläggande värden som anges i skollagen och i denna läroplan och klart ta avstånd från det som strider mot dem."
14,187,En likvärdig utbildning
14,188,"Undervisningen skall anpassas till varje elevs förutsättningar och behov. Skollagen föreskriver att utbildningen inom varje skolform skall vara likvärdig, oavsett var i landet den anordnas (1 kap. 2 och 259)."
14,189,"Normerna för likvärdigheten anges genom de riksgiltiga målen. En likvärdig utbildning innebär inte att undervisningen skall utformas på samma sätt överallt eller att skolans resurser skall fördelas lika. Hänsyn skall tas till elevernas olika förutsättningar, behov och kunskapsnivå. Det finns också olika vägar att nå målen. Särskild uppmärksamhet måste ägnas åt de elever som av olika anledningar har svårigheter att nå målen för utbildningen. Därför kan undervisningen aldrig göras lika för alla. Skolan har ett särskilt ansvar för elever med olika funktionshinder."
14,190,Skolan skall aktivt och medvetet främja kvinnors och mäns lika rätt och möjligheter. Eleverna skall uppmuntras att utveckla sina intressen utan fördomar om vad som är kvinnligt och manligt.
14,191,Rättigheter och skyldigheter
14,192,Det är inte tillräckligt att i undervisningen förmedla kunskap om grundläggande demokratiska värden. Undervisningen skall bedrivas i demokratiska arbetsformer och utveckla elevernas förmåga och vilja att ta personligt ansvar och aktivt deltaga i samhällslivet. Elevernas möjligheter att utöva inflytande på undervisningen och att ta
15,193,LÄROPLAN Lpf 94
15,194,"ansvar för sina studieresultat förutsätter att skolan klargör utbildningens mål, innehåll och arbetsformer, liksom vilka rättigheter och skyldigheter eleverna har."
15,195,Skolans huvuduppgifter
15,196,"Huvuduppgiften för de frivilliga skolformerna är att förmedla kunskaper och skapa förutsättningar för att eleverna skall tillägna sig och utveckla kunskaper. Utbildningen skall främja elevernas utveckling till ansvarskännande människor, som aktivt deltar i och utvecklar yrkes- och samhällslivet. All verksamhet i skolan skall bidra till elevernas allsidiga utveckling."
15,197,"Skolan har uppgiften att till eleverna överföra värden, förmedla kunskaper och förbereda dem för att arbeta och verka i samhället. Skolan skall förmedla sådana mer beständiga kunskaper som utgör den gemensamma referensram som alla i samhället behöver. Eleverna skall också kunna orientera sig i en komplex verklighet med stort informationsflöde och snabb förändringstakt. Deras förmåga att finna, tillägna sig och använda ny kunskap blir därför viktig. Eleverna skall träna sig att tänka kritiskt, att granska fakta och förhållanden och att inse konsekvenserna av olika alternativ. På så vis närmar sig eleverna ett alltmer vetenskapligt sätt att tänka och arbeta. Inom gymnasiesärskolan och särvux skall eleverna tillägna sig ett alltmer undersökande sätt att tänka och arbeta."
15,198,"Genom studierna skall eleverna skaffa sig en grund för livslångt lärande. Förändringar i arbetslivet, ny teknologi, internationaliseringen och miljöfrågornas komplexitet ställer nya krav på människors kunskaper och sätt att arbeta. Eleverna skall i skolan få utveckla sin förmåga att ta initiativ och ansvar och att arbeta och lösa problem både självständigt och tillsammans med andra. Skolan skall utveckla elevernas kommunikativa och sociala kompetens."
15,199,Utvecklingen i yrkeslivet innebär bl.a att det behövs gränsöverskridanden mellan olika yrkesområden och att krav ställs på medvetenhet om såväl egen som andras kompetens. Detta ställer i sin tur krav på skolans arbetsformer och arbetsorganisation.
15,200,De etiska perspektiven är av betydelse för många av de frågor som tas upp i skolan. Därför skall undervisningen i olika ämnen behandla detta perspektiv och ge en grund för och främja elevernas förmåga till personliga ställningstaganden.
15,201,Miljöperspektiv i undervisningen skall ge eleverna insikter så att
16,202,"LÄROPLAN Lpf 94 de kan dels själva medverka till att hindra skadlig miljöpåverkan, dels skaffa sig ett personligt förhållningssätt till de övergripande och globala miljöfrågorna. Undervisningen bör belysa hur samhällets funktioner och vårt sätt att leva och arbeta kan anpassas för att skapa hållbar utveckling."
16,203,"Ett internationellt perspektiv i undervisningen är viktigt för att kunna se den egna verkligheten i ett globalt sammanhang, för att skapa internationell solidaritet och för att förbereda eleverna för ett samhälle med allt tätare kontakter över nations- och kulturgränser."
16,204,Kunskaper och lärande
16,205,"Skolans uppdrag att förmedla kunskaper förutsätter en aktiv diskussion i den enskilda skolan om kunskapsbegrepp, om vad som är viktig kunskap i dag och i framtiden och om hur kunskapsutveckling sker. Olika aspekter på kunskap är naturliga utgångspunkter i en sådan diskussion."
16,206,"Kunskap är inget entydigt begrepp. Kunskap kommer till uttryck i olika former — såsom fakta, förståelse, färdighet och förtrogenhet — som förutsätter och samspelar med varandra. Undervisningen får inte ensidigt betona den ena eller den andra kunskapsformen."
16,207,"Undervisningen skall ge ett historiskt perspektiv, som bl.a låter eleverna utveckla beredskapen inför framtiden, förståelsen för kunskapers relativitet och förmågan till dynamiskt tänkande."
16,208,"Flevernas kunskapsutveckling är beroende av om de får möjlighet att se samband. Skolan skall ge eleverna möjligheter att få överblick och sammanhang, vilket fordrar särskild uppmärksamhet i en kursutformad skola. Eleverna skall få möjlighet att reflektera över sina erfarenheter och tillämpa sina kunskaper."
16,209,"Skolan kan inte själv förmedla alla de kunskaper som eleverna kommer att behöva. Det väsentliga är att skolan skapar de bästa samlade betingelserna för elevernas bildning, tänkande och kunskapsutveckling. Därvid skall skolan ta till vara de kunskaper och erfarenheter som finns i det omgivande samhället och som eleverna har från bl.a arbetslivet. Den värld eleven möter i skolan och det arbete eleven deltar i skall förbereda för livet efter skolan."
16,210,Varje elev skall få stimulans att växa med uppgifterna och möjlighet att utvecklas efter sina förutsättningar. Varje elev skall möta respekt för sin person och sitt arbete. Eleverna skall bli medvetna om att nya kunskaper och insikter är förutsättningar för personlig utveckling. Detta skall syfta till att grundlägga en positiv inställning till lärande och att återskapa en sådan inställning hos elever med negativa skolerfarenheter. Skolan skall stärka elevernas tro på sig själva och ge dem framtidstro.
17,211,LÄROPLAN Lpf 94
17,212,Den enskilda skolans utveckling
17,213,"Skolan skall sträva efter flexibla lösningar för organisation, kursutbud och arbetsformer. Samarbetet med den obligatoriska skolan och med universitet och högskolor skall utvecklas liksom samverkan mellan de frivilliga skolformerna. Skolan skall eftersträva ett bra samarbete med arbetslivet, vilket är viktigt för all gymnasial utbildning men av avgörande betydelse för den yrkesförberedande utbildningens kvalitet. När det gäller ungdomar skall skolan samverka med hemmen."
17,214,"Skolans verksamhet måste utvecklas så att den svarar mot uppställda mål. För att en skola skall utvecklas måste den fortlöpande ifrågasätta sina undervisningsmål och arbetsformer, utvärdera sina resultat och pröva nya metoder."
17,215,i.3 Särskilda uppgifter och mal för olika skolformer
17,216,UTBILDNING FÖR UNGDOMAR Uppgifter
17,217,Gymnasieskolan skall med den obligatoriska skolan som grund fördjupa och utveckla elevernas kunskaper som förberedelse för yrkesverksamhet och studier vid universitet och högskolor m.m och som förberedelse för vuxenlivet som samhällsmedborgare och ansvariga för sina egna liv.
17,218,"Gymnasiesärskolan vänder sig till ungdomar som inte kan gå i gymnasieskolan därför att de är utvecklingsstörda och bygger på den obligatoriska särskolan. Gymnasiesärskolan skall utifrån varje elevs förutsättningar fördjupa och utveckla elevernas kunskaper som en förberedelse för ett meningsfullt vuxenliv i arbete, boende och fritid (1 kap. 5 $ skollagen)."
17,219,Mål Gymnasieskolan och gymnasiesärskolan syftar till att ungdomar skall genomgå en fullständig gymnasieutbildning. Utbildningen skall inom ramen för den utbildningsväg ungdomarna valt ge var och en möjlighet till en harmonisk och allsidig utveckling. De skall få en sådan grund för ett livslångt lärande att de har beredskap för den omställning som krävs när betingelser i arbetsliv och samhällsliv förändras. fr HN msn ne one omer masa VEFEESEEEE 2 a
18,221,LÄROPLAN Lpf 94
18,222,UTBILDNING FÖR VUXNA Uppgifter
18,223,"Vuxenutbildningen i komvux och statens skolor för vuxna (SSV) skall, med elevernas tidigare utbildning och livserfarenhet som utgångspunkt, fördjupa och utveckla elevernas kunskaper som grund för yrkesverksamhet och fortsatta studier samt för deltagande i samhällslivet."
18,224,Komvux och SSV skall anordna utbildning såväl i enstaka ämnen som för kompetens som svarar mot fullständig grundskole- eller gymnasieutbildning eller påbyggnadsutbildning.
18,225,"Särvux, som vänder sig till vuxna utvecklingsstörda, skall — med elevernas tidigare utbildning och erfarenheter som utgångspunkt samt utifrån varje elevs förutsättningar — fördjupa och utveckla elevernas kunskaper som grund för deltagande i samhällsliv och yrkesliv (12 kap. 1$ skollagen)."
18,226,Särvux skall anordna utbildning såväl för kompetens i enstaka ämnen som för fullständig kompetens motsvarande den som ges i den obligatoriska särskolan och gymnasiesärskolans yrkesutbildning.
18,227,Mål
18,228,"Vuxenutbildningen skall, med utgångspunkt i vad som föreskrivs i 1 kap. 9 $ skollagen,"
18,229,"e överbrygga utbildningsklyftorna och därigenom verka för ökad jämlikhet och social rättvisa,"
18,230,"e öka elevernas förmåga att förstå, kritiskt granska och medverka i kulturellt, socialt och politiskt liv och därigenom bidra till det demokratiska samhällets utveckling,"
18,231,"e utbilda vuxna för varierande arbetsuppgifter, medverka till arbetslivets förändring och bidra till full sysselsättning och därigenom främja utveckling och framsteg i samhället och e tillgodose de vuxnas individuella önskemål om vidgade studieoch utbildningsmöjligheter och ge dem ullfälle att komplettera ungdomsutbildningen."
18,232,"Vuxna elevers kunskaper skall kompletteras endast i en sådan omfattning att de vid utbildningens slut har kunskaper av samma kvalitet som ungdomarna efter ungdomsutbildningen. Kunskapsmålen är desamma för ungdomar och vuxna, men kursernas innehåll, omfattning och tyngdpunkter behöver inte vara identiska."
19,233,LÄROPLAN Lpf 94
19,234,2 MÅL OCH RIKTLINJER
19,235,Mål att sträva mot anger inriktningen på skolans arbete. De anger därmed en önskad kvalitetsutveckling i skolan.
19,236,Mål att uppnå uttrycker vad eleverna minst skall ha uppnått när de lämnar skolan. Det är skolans och skolhuvudmannens ansvar att eleverna ges möjlighet att uppnå dessa mål.
19,237,"2.1 Munskaper Mål Mål att sträva mot Skolan skall sträva mot att varje elev i gymnasieskolan, komvux och SSV samt, så långt det är möjligt, i gymnasiesärskolan och särvux e tillägnar sig goda kunskaper i de kurser som ingår i elevens studieprogram, e kan använda sina kunskaper som redskap för att - formulera och pröva antaganden och lösa problem - reflektera över erfarenheter - kritiskt granska och värdera påståenden och förhållanden = lösa praktiska problem och arbetsuppgifter, e tror på sin egen förmåga och sina möjligheter att utvecklas, e utvecklar en insikt om sitt eget sätt att lära och en förmåga att utvärdera sitt eget lärande och e utvecklar förmågan att arbeta såväl självständigt som tillsammans med andra."
19,238,"Skolan skall sträva mot att varje elev i gymnasieskolans nationella och specialutformade program samt den gymnasiala vuxenutbildningen dessutom e kan överblicka större kunskapsfält och utvecklar en analytisk fömåga och närmar sig ett alltmer vetenskapligt sätt att arbeta och tänka,"
19,239,"e utvecklar kunskaper för ett föränderligt yrkesliv och för att kunna påverka arbetsliv och samhällsliv,"
19,240,"e ökar sin förmåga att självständigt formulera ståndpunkter grundade på såväl empirisk kunskap och kritisk analys som förnuftsmässiga och etiska överväganden,"
19,241,"e kan använda kunskaper som redskap för att formulera och pröva hypoteser och lösa problem,"
19,242,"e har god insikt i centrala delar av det svenska, nordiska, inklusive det samiska, och västerländska kulturarvet,"
19,243,"e har kunskaper om internationell samverkan och globala samband och e kan bedöma skeenden ur svenskt, nordiskt, europeiskt och globalt perspektiv. to"
20,245,LÄROPLAN Lpf 94
20,246,"Skolan skall särskilt sträva mot att varje elev som lämnar utbildning på individuellt program i gymnasieskolan e har en planering för och goda möjligheter till fortsatt utbildning eller förvärvsarbete,"
20,247,"Skolan skall särskilt sträva mot att varje elev i gymnasiesärskolan och särvux e är medveten om sig själv som person och om sina förutsättningar och möjligheter,"
20,248,"e kan kommunicera och behärskar det svenska språket/teckenspråk eller alternativ kommunikation och själv förstår andra,"
20,249,"e kan ge uttryck för erfarenheter, tankar och känslor,"
20,250,"e har insikt i den egna kulturen och känner till och visar förståelse för andra kulturer,"
20,251,e känner till förutsättningarna för en god miljö och e känner till grunderna för samhällets lagar och regler samt sina rättigheter och skyldigheter i skolan och samhället.
20,252,Mål att uppnå
20,253,"Det är skolans ansvar att varje elev som har slutfört ett nationellt eller specialutformat program eller sådant individuellt program som är förenat med yrkesutbildning under anställning, s.k lärlingsutbildning, inom gymnasieskolan eller gymnasial vuxenutbildning e kan uttrycka sig i tal och skrift så väl att elevens språk fungerar 1 samhälls-, yrkes- och vardagslivet och för fortsatta studier,"
20,254,"e kan söka sig till saklitteratur, skönlitteratur och övrigt kulturutbud som en källa till kunskap, självinsikt och glädje,"
20,255,"e kan använda engelska på ett funktionellt sätt i yrkes- och vardagsliv och för fortsatta studier,"
20,256,"e kan formulera, analysera och lösa matematiska problem av betydelse för yrkes- och vardagsliv,"
20,257,"e har förutsättningar för att delta i demokratiska beslutsprocesser i samhälls- och arbetsliv,"
20,258,"e har förmåga att kritiskt granska och bedöma det eleven ser, hör och läser för att kunna diskutera och ta ställning i olika livsfrågor och värderingsfrågor och e kan observera och analysera människans samspel med sin omvärld utifrån ett ekonomiskt och ekologiskt perspektiv."
20,259,Det är skolans ansvar att varje elev som slutfört utbildning på gymnasieskolans nationella och specialutformade program dessutom e har kunskaper om förutsättningarna för en god hälsa och e kan hämta stimulans ur estetiskt skapande och kulturella upplevelser.
21,260,LÄROPLAN Lpf 94
21,261,Varje person som slutfört utbildning för lärlingar skall e ha för branschen godtagbart yrkeskunnande.
21,262,"Det är skolans ansvar att varje elev som slutfört utbildning på ett nationellt eller specialutformat program i gymnasiesärskolan har nått så långt i förhållande till de nyss för gymnasieskolan angivna målen, som de individuella förutsättningarna medger."
21,263,"Regeringen meddelar särskilda föreskrifter om programmål för gymnasieskolans olika nationella program, för gymnasiesärskolans olika nationella program, för den grundläggande vuxenutbildningen samt för särvux olika delar."
21,264,Riktlinjer Alla som arbetar i skolan skall e hjälpa elever som har behov av särskilt stöd och e samverka för att göra skolan till en god miljö för lärande.
21,265,"Läraren skall e utgå från den enskilda elevens behov, förutsättningar, erfarenheter och tänkande,"
21,266,"e stärka varje elevs självförtroende samt vilja och förmåga att lära,"
21,267,e organisera arbetet så att eleven
21,268,- utvecklas efter sina egna förutsättningar och samtidigt stimuleras att använda och utveckla hela sin förmåga
21,269,- upplever att kunskap är meningsfull och att den egna kunskapsutvecklingen går framåt
21,270,- får stöd i sin språk- och kommunikationsutveckling
21,271,"= successivt får fler och större självständiga uppgifter och ökat eget ansvar,"
21,272,"e i undervisningen skapa en sådan balans mellan teoretiska och praktiska kunskaper som främjar elevernas lärande,"
21,273,"e tydliggöra vilka värderingar och perspektiv kunskaperna vilar på och låta eleven ta ställning till hur kunskaper kan användas,"
21,274,"e se till att undervisningen till innehåll och uppläggning speglar både manliga och kvinnliga perspektiv,"
21,275,"e stimulera, handleda och stödja eleven och ge särskilt stöd till elever med svårigheter,"
21,276,"e samverka med andra lärare i arbetet på att nå utbildningsmålen,"
21,277,"e i undervisningen utnyttja kunskaper och erfarenheter av arbetsoch samhällsliv som eleverna har eller skaffar sig under utbildningens gång,"
21,278,e se till att eleverna tillägnar sig bok- och bibliotekskunskap och e i undervisningen beakta resultat av utvecklingen inom ämnesområdet och den pedagogiska forskningen.
22,279,LÄROPLAN Lpo 94
22,280,1994 års läroplan för det obligatoriska skolväsendet (Lpo 94)
22,281,I SKOLANS VÄRDEGRUND OCH UPPGIFTER
22,282,Grundläggande värden
22,283,Det offentliga skolväsendet vilar på demokratins grund. Skollagen (1985:1100) slår fast att verksamheten i skolan skall utformas i överensstämmelse med grundläggande demokratiska värderingar och att var och en som verkar inom skolan skall främja aktningen för varje människas egenvärde och respekten för vår gemensamma miljö (1 kap. 2 $).
22,284,Skolan har en viktig uppgift när det gäller att förmedla och hos eleverna förankra de värden som vårt samhällsliv vilar på.
22,285,"Människolivets okränkbarhet, individens frihet och integritet, alla människors lika värde, jämställdhet mellan kvinnor och män samt solidaritet med svaga och utsatta är de värden som skolan skall gestalta och förmedla. I överensstämmelse med den etik som förvaltats av kristen tradition och västerländsk humanism sker detta genom individens fostran till rättskänsla, generositet, tolerans och ansvarstagande."
22,286,Undervisningen i skolan skall vara icke-konfessionell.
22,287,Skolans uppgift är att låta varje enskild elev finna sin unika egenart och därigenom kunna delta i samhällslivet genom att ge sitt bästa i ansvarig frihet.
22,288,Förståelse och medmänsklighet
22,289,"Skolan skall främja förståelse för andra människor och förmåga till inlevelse. Ingen skall i skolan utsättas för mobbning. Tendenser till trakasserier skall aktivt bekämpas. Främlingsfientlighet och intolerans måste bemötas med kunskap, öppen diskussion och aktiva insatser."
22,290,"Det svenska samhällets internationalisering och den växande rörligheten över nationsgränserna ställer höga krav på människors förmåga att leva med och inse de värden som ligger i en kulturell mångfald. Medvetenhet om det egna och delaktighet i det gemensamma kulturarvet ger en trygg identitet som är viktig att utveckla, tillsammans med förmågan att förstå och leva sig in i andras villkor och värderingar. Skolan är en social och kulturell mötesplats som både"
23,291,LÄROPLAN Lpf 94
23,292,2.2 Normer och vardernr
23,293,Skolan skall aktivt och medvetet påverka och stimulera eleverna att omfatta vårt samhälles gemensamma värderingar och låta dessa komma till uttryck i praktisk vardaglig handling.
23,294,"Mål att sträva mot ! Skolan skall sträva mot att varje elev ””e vidareutvecklar sin förmåga att göra medvetna etiska ställningstaganden grundade på kunskaper och personliga erfarenheter,"
23,295,"e respekterar andra människors egenvärde och integritet,"
23,296,"ee inte accepterar att människor utsätts för förtryck och kränkande behandling samt medverkar till att bistå människor, förstår och respekterar andra folk och kulturer, kan leva sig in i och förstå andra människors situation och utvecklar en vilja att handla också med deras bästa för ögonen och e visar respekt för och omsorg om såväl närmiljön som miljön i ett vidare perspektiv."
23,297,"Riktlinjer Alla som arbetar i skolan skall ""ee medverka till att utveckla elevernas känsla för samhörighet, solidaritet och ansvar för människor också utanför den närmaste gruppen, ”e i arbetet med eleverna verka för solidaritet med eftersatta grupper både i och utanför vårt land och e aktivt motverka trakasserier mot och förtryck av individer och grupper."
23,298,"Läraren skall e klargöra det svenska samhällets grundläggande värden och med eleverna diskutera konflikter mellan dessa värden och faktisk verklighet,"
23,299,"e öppet redovisa och tillsammans med eleverna analysera olika värderingar, uppfattningar och problemställningar samt konsekvenserna av dessa,"
23,300,e klargöra skolans normer och hur dessa är en grund för arbetet samt tillsammans med eleverna diskutera och utveckla regler för arbetet och samvaron i gruppen och e visa respekt för den enskilda eleven och i det vardagliga arbetet ha ett demokratiskt förhållningssätt.
23,301,2.3 Clevernas ansvar och iatlytande
23,302,"De demokratiska principerna att kunna påverka, vara delaktig och ta ansvar skall omfatta alla elever. Elevernas ansvar för att planera"
24,303,LÄROPLAN Lpf 94
24,304,och genomföra sina studier samt deras inflytande på såväl innehåll som former skall vara viktiga principer i utbildningen. Enligt skollagen äligger det alla som arbetar i skolan att verka för demokratiska arbetsformer (1 kap. 2 och 9 $$).
24,305,Mål att sträva mot
24,306,"Skolan skall sträva mot att varje elev e tar personligt ansvar för sina studier och sin arbetsmiljö,"
24,307,"e aktivt utövar inflytande över sin utbildning,"
24,308,"e utifrån kunskap om demokratins principer vidareutvecklar sin förmåga att arbeta i demokratiska former,"
24,309,"e utvecklar sin vilja att aktivt bidra till en fördjupad demokrati i arbetsliv och samhällsliv och e stärker sin tilltro till den egna förmågan att själv och tillsammans med andra ta initiativ, ta ansvar och påverka sina villkor."
24,310,"Riktlinjer Alla som arbetar i skolan skall e gemensamt med eleverna ta ansvar för den sociala, kulturella och fysiska skolmiljön."
24,311,"Läraren skall e utgå från att eleverna kan och vill ta personligt ansvar för sin inlärning och sitt arbete i skolan,"
24,312,"e se till att alla elever, oavsett kön och social och kulturell bakgrund, får ett verkligt inflytande på arbetssätt, arbetsformer och innehåll i undervisningen,"
24,313,"e uppmuntra sådana elever som har svårt att framföra sina synpunkter att göra det,"
24,314,"e planera undervisningen tillsammans med eleverna,"
24,315,e låta eleverna pröva olika arbetssätt och arbetsformer och e tillsammans med eleverna utvärdera undervisningen.
24,316,2.4 Utbildningsval - arbete och samhällsliv
24,317,"De frivilliga skolformerna skall nära samverka med den obligatoriska skolan, med arbetslivet, med universiteten och högskolorna och med samhället i övrigt. Detta krävs för att eleverna skall få en utbildning av hög kvalitet och få underlag för val av kurser på den utbildning eleven går, vidare studier eller yrkesverksamhet. Det är särskilt viktigt att skolan samarbetar med arbetslivet om den yrkesförberedande utbildningen."
24,318,Genom att arbetslivet fortlöpande förändras när det gäller behovet av kompetens och rekrytering av arbetskraft inom olika områden
25,319,"LÄROPLAN Lpf 94 har studie- och yrkesvägledning i vid mening stor betydelse. Universitet och högskolor, arbetsförmedlingar, näringsliv samt arbetsmarknadens parter och branschorganisationer har därför viktiga roller i informationen till skolorna och deras elever."
25,320,Mål att sträva mot
25,321,"Skolan skall sträva mot att varje elev utvecklar sin självkännedom och sin förmåga till individuell studieplanering,"
25,322,"medvetet kan ta ställning till fortsatt studie- och yrkesinriktning på grundval av samlade erfarenheter och kunskaper samt aktuell information,"
25,323,"ökar sin förmåga att analysera olika valmöjligheter och bedöma vilka konsekvenser dessa kan ha,"
25,324,"får kännedom om arbetslivets villkor, särskilt inom sitt studieområde, samt om möjligheter till utbildning, praktik m.m i Sverige och andra länder och är medveten om att alla yrkesområden förändras i takt med teknisk utveckling, förändringar i samhälls- och yrkesliv och ökad internationell samverkan. Eleven skall därmed förstå behovet av personlig utveckling i yrket."
25,325,Riktlinjer
25,326,"Personalen skall, efter en av rektor gjord arbetsfördelning,"
25,327,"bidra med underlag för elevernas val av utbildning och yrke, informera och vägleda eleverna inför deras val av kurser, fortsatt utbildning och yrkesverksamhet och därvid motverka sådana begränsningar i valet som grundar sig på kön och på social eller kulturell bakgrund,"
25,328,"i informationen och vägledningen utnyttja de kunskaper som finns hos eleverna, hos skolans personal och i samhället utanför skolan, 1 undervisningen utnyttja kunskaper och erfarenheter från arbetsoch samhällsliv som eleverna har eller skaffar sig under utbildningens gång,"
25,329,"utveckla kontakter med universitet och högskolor samt med handledare och andra inom arbetslivet som kan bidra till att målen för undervisningen nås,"
25,330,"i utbildningen utnyttja kontakter med det omgivande samhället och dess arbets-, förenings- och kulturliv och bidra till att presumtiva elever får information om skolans utbildningar."
26,331,LÄROPLAN Lpf 94
26,332,2.3 Bedömning och betyg
26,333,Betyget uttrycker i vad mån den enskilda eleven har uppnått de kunskapsmål som uttrycks i kursplanen för respektive kurs och som definieras i betygskriterier.
26,334,Mål att sträva mot
26,335,Skolan skall sträva mot att varje elev e tar ansvar för sitt lärande och sina studieresultat och e kan bedöma sina studieresultat och utvecklingsbehov i förhållande till kraven i kursplanerna.
26,336,Riktlinjer
26,337,"Läraren skall e fortlöpande ge varje elev information om elevens utvecklingsbehov och framgångar i studierna,"
26,338,e i gymnasieskolan och gymnasiesärskolan samverka med hemmen och informera om elevernas skolsituation och kunskapsutveckling och e redovisa för eleverna på vilka grunder betygssättning sker.
26,339,"Läraren skall vid betygssättningen e utnyttja all tillgänglig information om elevens kunskaper i förhållande till kraven i kursplanen,"
26,340,"e beakta även sådana kunskaper som en elev tillägnat sig på annat sätt än genom den aktuella undervisningen,"
26,341,e beakta såväl muntliga som skriftliga bevis på kunskaper och e göra en allsidig bedömning av kunskaperna och därvid beakta hela kursen.
26,342,"2.6 Rektors ansvar f Som pedagogisk ledare för skolan och som chef för lärarna och övrig personal i skolan har rektorn det övergripande ansvaret för att verksamheten som helhet inriktas på att nå de riksgiltiga målen. Rektorn ansvarar för att lokal arbetsplan upprättas samt för att skolans resultat följs upp och utvärderas i förhållande till de riksgiltiga målen, målen i skolplanen och den lokala arbetsplanen. Rektorn har ansvar för skolans resultat och har därvid, inom givna ramar, ett särskilt ansvar för att e utbildningen organiseras så att den så långt möjligt anpassas efter elevernas önskemål och val av kurser och så att återvändsgränder i studiegången undviks,"
27,343,"LÄROPLAN Lpf 94 undervisningens uppläggning, innehåll och arbetsformer anpassas efter elevernas skiftande behov och förutsättningar,"
27,344,"arbetsmiljön i skolan utformas så att eleverna får tillgång till handledning och läromedel av god kvalitet samt andra hjälpmedel för att själva kunna söka och utveckla kunskaper, bl.a bibliotek, datorer och andra tekniska hjälpmedel,"
27,345,"undervisning, elevvårds- och syoverksamhet utformas så att elever som behöver särskilt stöd och hjälp får detta,"
27,346,"eleverna får information inför studiernas början, får en väl utformad introduktion i studierna och i ämnet/kursen och får stöd att formulera mål för sina studier,"
27,347,"varje elev i dialog med skolan gör upp en individuell studieplan och reviderar den vid olika tillfällen under utbildningen,"
27,348,"alla former av trakasserier och mobbning bland elever och anställda motverkas,"
27,349,"lärare och annan personal får möjligheter till den kompetensutveckling som krävs för att de professionellt skall kunna utföra sina uppgifter,"
27,350,"det kommer till stånd samverkan mellan lärare i olika kurser så att eleverna får ett sammanhang i sina studier,"
27,351,"samverkan med universiteten och högskolorna samt arbetslivet utanför skolan utvecklas så att eleverna får en kvalitativt god utbildning samt en förberedelse för yrkesverksamhet och fortsatt utbildning,"
27,352,"den studie- och yrkesorienterande verksamheten organiseras så att eleverna får vägledning inför de olika val som skolan erbjuder och inför val av fortsatt utbildning och yrke,"
27,353,"stimulera till internationella kontakter, samverkan och utbyten i utbildningen och skolpersonalen får kännedom om de internationella överenskommelser som Sverige har förbundit sig att beakta i utbildningen."
27,354,"Rektor har när det gäller gymnasieskolan och gymnasiesärskolan ett särskilt ansvar för att föräldrar får insyn i elevernas skolgång,"
27,355,"skolans arbete med kunskapsområden, där flera ämnen skall bidra, samordnas så att de utgör en helhet för eleven och eleverna får kunskaper om sex och samlevnad, trafikfrågor samt riskerna med tobak, alkohol, narkotika och andra droger."
27,356,Rektor har när det gäller gymnasiesärskolan dessutom ett ansvar för att varje elev ges stöd vid arbetsplatsförlagd utbildning och senare vid utslussning till arbetslivet.
28,357,LÄROPLAN Lpf 94
28,358,"Rektor har när det gäller komvux. SSV och särvux ett särskilt ansvar för att e utbildningen erbjuds på ett sådant sätt att vuxna kan studera på fritid, deltid eller heltid efter individuella behov och önskemål,"
28,359,e utbildningen organiseras så att elever kan börja på en nivå i respektive ämne som bestäms av deras förkunskaper och avsluta den efter de studier som svarar mot den enskildes behov och e vuxna med kort eller bristfällig utbildning får stöd i att påbörja och genomföra utbildning.
28,360,I. Denna förordning skall kungöras i Statens skolverks författningssamling (SKOLFS).
28,361,Förordningen träder i kraft den 1 juli 1994. 2. Genom förordningen upphävs a) 1970 års läroplan för gymnasieskolan (Lgy 70) sådan den har kungjorts i Skolöverstyrelsens publikationer Aktuellt från Skolöverstyrelsen (ASÖ) och Läroplaner.
28,362,b) Förordningen (SKOLFS 1992:4) om ändring i beslutet den 14 maj 1970 om läroplan för gymnasieskolan.
28,363,c) Förordningen (Läroplaner 1985:7) om 1982 års läroplan för vuxenutbildning (omtryckt SKOLFS 1992:6).
28,364,d) Läroplan för särskolan (Lsä 73).
28,365,ne.
28,366,3. Den upphävda lärs-!-&olan skall dock fortfarande till! an som med stöd av Öövergår 7) om ändring i skollagen (19 cialkurser i följande delar:
28,367,a) k b) ti c) al
28,368,4.P all dock fortfarande tillämpas med stöd av övergångsbestäm ng i skollagen (1985:1100) anor:
28,369,a) ku b) tin
28,370,På reg BEAT
28,371,Sonja Hjorth bildningsdepartementet)
29,372,LÄROPLAN Lpo 94
29,373,har en möjlighet och ett ansvar för att stärka denna förmåga hos alla som arbetar där.
29,374,Saklighet och allsidighet
29,375,"Skolan skall vara öppen för skilda uppfattningar och uppmuntra att de förs fram. Den skall framhålla betydelsen av personliga ställningstaganden och ge möjligheter till sådana. Undervisningen skall vara saklig och allsidig. Alla föräldrar skall med samma förtroende kunna skicka sina barn till skolan, förvissade om att barnen inte blir ensidigt påverkade till förmån för den ena eller andra åskådningen."
29,376,Alla som verkar i skolan skall alltid hävda de grundläggande värden som anges i skollagen och i denna läroplan och klart ta avstånd från det som strider mot dem.
29,377,En likvärdig utbildning
29,378,"Undervisningen skall anpassas till varje elevs förutsättningar och behov. Skollagen föreskriver att utbildningen inom varje skolform skall vara likvärdig, oavsett var i landet den anordnas (1 kap. 2 $)."
29,379,Normerna för likvärdigheten anges genom de riksgiltiga målen. En likvärdig utbildning innebär inte att undervisningen skall utformas på samma sätt överallt eller att skolans resurser skall fördelas lika. Hänsyn skall tas till elevernas olika förutsättningar och behov. Det finns också olika vägar att nå målet. Skolan har ett särskilt ansvar för de elever som av olika anledningar har svårigheter att nå målen för utbildningen. Därför kan undervisningen aldrig göras lika för alla.
29,380,"Skolan skall aktivt och medvetet främja kvinnors och mäns lika rätt och möjligheter. Det sätt på vilket flickor och pojkar bemöts och bedöms i skolan, och de krav och förväntningar som ställs på dem, bidrar till att forma deras uppfattningar om vad som är kvinnligt och manligt. Skolan har ett ansvar för att motverka traditionella könsmönster. Den skall därför ge utrymme för eleverna att pröva och utveckla sin förmåga och sina intressen oberoende av könstillhörighet."
29,381,Rättigheter och skyldigheter
29,382,"Skolan skall klargöra för elever och föräldrar vilka mål utbildningen har, vilka krav skolan ställer och vilka rättigheter och skyldigheter elever och deras vårdnadshavare har. Att den enskilda skolan är tydlig i fråga om mål, innehåll och arbetsformer är en förutsättning för elevers och vårdnadshavares rätt till inflytande och påverkan. Det är inte minst viktigt som underlag för den enskildes val i skolan."
29,383,Det är inte tillräckligt att i undervisningen förmedla kunskap om grundläggande demokratiska värderingar. Undervisningen skall bedrivas i demokratiska arbetsformer och förbereda eleverna för att
30,384,"— LÄROPLAN Lpo 94 aktivt deltaga i samhällslivet. Den skall utveckla deras förmåga att ta ett personligt ansvar. Genom att få välja kurser och ämnen och genom att delta i planeringen och utvärderingen av den dagliga undervisningen, kan eleverna utveckla sin förmåga att utöva inflytande och ta ansvar."
30,385,Skolans uppgifter
30,386,"Skolans huvuduppgift är att förmedla kunskaper och i samarbete med hemmen främja elevernas utveckling till ansvarskännande människor och samhällsmedlemmar (1 kap. 2 $). Utbildning och fostran är i djupare mening en fråga om att överföra ett kulturarv — värden, traditioner, språk, kunskaper — från en generation till nästa. Skolan skall därvid vara ett stöd för familjerna i deras ansvar för barnens fostran och utveckling. Skolans arbete måste därför ske i samarbete med hemmen."
30,387,"Skolan har uppgiften att dels överföra vissa grundläggande värden och förmedla kunskaper, dels förbereda eleverna för att leva och verka i samhället. Skolan skall förmedla de mer beständiga kunskaper som utgör den gemensamma referensram alla i samhället behöver. Eleverna skall kunna orientera sig i en komplex verklighet med ett stort informationsflöde och en snabb förändringstakt. Studiefärdigheter och metoder att tillägna sig och använda ny kunskap blir därför viktiga. Det är också nödvändigt att eleverna utvecklar sin förmåga att kritiskt granska fakta och förhållanden och att inse konsekvenser av olika alternativ."
30,388,En viktig uppgift för skolan är att ge överblick och sammanhang. Eleverna skall få möjligheter att ta initiativ och ansvar. De skall ges förutsättningar att utveckla sin förmåga att arbeta självständigt och lösa problem.
30,389,I undervisningen i alla skolans ämnen är det angeläget att anlägga vissa övergripande perspektiv. Genom ett historiskt perspektiv kan eleverna utveckla en beredskap inför framtiden och utveckla sin förmåga till dynamiskt tänkande. Genom ett miljöperspektiv får de möjligheter både att ta ansvar för den miljö de själva direkt kan påverka och att skaffa sig ett personligt förhållningssätt till övergripande och globala miljöfrågor. Undervisningen bör belysa hur samhällets funktioner och vårt sätt att leva och arbeta kan anpassas för att skapa hållbar utveckling
30,390,"Ett internationellt perspektiv slutligen, är viktigt för att kunna se den egna verkligheten i ett globalt sammanhang och för att skapa internationell solidaritet samt förbereda för ett samhälle med täta kontakter över kultur- och nationsgränser."
30,391,Det etiska perspektivet är av betydelse för många av de frågor som tas upp i skolan. Därför skall undervisningen i olika ämnen
31,392,LÄROPLAN Lpo 94 behandla detta perspektiv och ge grund för och främja elevernas förmåga till personliga ställningstaganden.
31,393,"Skolans uppdrag att förmedla kunskaper förutsätter en aktiv diskussion i den enskilda skolan om kunskapsbegrepp, om vad som är viktig kunskap i dag och i framtiden och om hur kunskapsutveckling sker. Olika aspekter på kunskap är naturliga utgångspunkter i en sådan diskussion."
31,394,"Kunskap är inget entydigt begrepp. Kunskap kommer till uttryck i olika former — såsom fakta, förståelse, färdighet och förtrogenhet —- som förutsätter och samspelar med varandra. Skolans arbete måste inriktas på att ge utrymme för olika kunskapsformer och att skapa ett lärande där dessa former för den enskilda eleven balanseras och blir till en helhet."
31,395,"Skolan skall främja elevernas harmoniska utveckling. Detta skall åstadkommas genom en varierad och balanserad sammansättning av och kulturella värld skolan utgör, skapar utrymme och förutsättningar för ett lärande, där olika kunskapsformer är delar av en helhet."
31,396,"Skolan skall stimulera varje elev att bilda sig och att växa med sina uppgifter. I skolarbetet skall de intellektuella såväl som de praktiska, sinnliga och estetiska aspekterna uppmärksammas. Eleverna skall få uppleva olika uttryck för kunskaper/ De skall få pröva och utveckla olika uttrycksformer och uppleva känslor och stämningar. Drama, rytmik, dans, musicerande och skapande i bild, text och form skall vara inslag i skolans verksamhet. En harmonisk bildningsgång omfattar inslag av såväl manuellt som intellektuellt arbete. Förmåga till eget skapande hör till det som eleverna skall tillägna sig."
31,397,"God miljö för lärande Eleven skall i skolan möta respekt för sin person och sitt arbete. Skolan skall sträva efter att vara en levande social gemenskap som ger trygghet och vilja och lust att lära. Skolan verkar i en omgivning med många kunskapskällor. Strävan skall vara att söka skapa de bästa samlade betingelserna för elevernas bildning, tänkande och kunskapsutveckling. Personlig trygghet och självkänsla grundläggs visserligen i hemmet, men skolan har en viktig roll därvidlag. Varje elev har rätt att i skolan få utvecklas, känna växandets glädje och få erfara den tillfredsställelse som det ger att göra framsteg och övervinna svårigheter."
31,398,Den enskilda skolans utveckling Skolans verksamhet måste utvecklas så att den svarar mot uppställda mål. Huvudmannen har ett givet ansvar för att så sker. Den dagliga pedagogiska ledningen av skolan och lärarnas professionella ansvar
32,399,"LÄROPLAN Lpo 94 är förutsättningar för att skolan utvecklas kvalitativt. Detta kräver att undervisningsmålen ständigt prövas, resultaten följs upp och utvärderas och att nya metoder prövas och utvecklas. Ett sådant arbete måste ske i ett aktivt samspel mellan skolans personal och elever och i nära kontakt med såväl hemmen som med det omgivande samhället."
32,400,2 MÅL OCH RIKTLINJER 2.1 Kunskaper
32,401,Skolan skall förmedla sådana kunskaper som är nödvändiga för varje individ och samhällsmedlem. Dessa ger också en grund för fortsatt utbildning. Skolan skall bidra till elevernas harmoniska utveckling.
32,402,I alla ämnen skall lärarna sträva efter att i undervisningen balansera och integrera kunskaper i sina olika former.
32,403,Mål Mål att sträva mot anger inriktningen på skolans arbete. De anger därmed en önskad kvalitetsutveckling i skolan.
32,404,Mål att uppnå uttrycker vad eleverna minst skall ha uppnått när de lämnar skolan. Det är skolans och skolhuvudmannens ansvar att eleverna ges möjlighet att uppnå dessa mål.
32,405,Mål att sträva mot
32,406,"Skolan skall sträva efter att varje elev e utvecklar nyfikenhet och lust att lära,"
32,407,"e utvecklar sitt eget sätt att lära,"
32,408,"e befäster en vana att självständigt formulera ståndpunkter grundade på såväl kunskaper som förnuftsmässiga och etiska överväganden,"
32,409,"e tillägnar sig goda kunskaper inom skolans ämnen och ämnesområden,"
32,410,"e utvecklar ett rikt och nyanserat språk samt förstår betydelsen av att vårda sitt språk, lär sig att arbeta både självständigt och tillsammans med andra,"
32,411,"e lär sig att kommunicera på främmande språk, inhämtar tillräckliga kunskaper och erfarenheter för att kunna träffa väl underbyggda val av fortsatt utbildning och yrkesinriktning och e lär sig att använda sina kunskaper som redskap för att"
32,412,"- formulera och pröva antaganden och lösa problem,"
32,413,— reflektera över erfarenheter och
32,414,- kritiskt granska och värdera påståenden och förhållanden.
33,415,LÄROPLAN Lpo 94
33,416,Mål att uppnå i grundskolan
33,417,"Skolan ansvarar för att varje elev efter genomgången grundskola e behärskar det svenska språket och kan lyssna och läsa aktivt och uttrycka idéer och tankar i tal och skrift,"
33,418,"e behärskar grundläggande matematiskt tänkande och kan tillämpa det i vardagslivet,"
33,419,"e känner till och förstår grundläggande begrepp och sammanhang inom de naturvetenskapliga, tekniska, samhällsvetenskapliga och humanistiska kunskapsområdena,"
33,420,"e har utvecklat sin förmåga till kreativt skapande och fått ett ökat intresse för att ta del av samhällets kulturutbud,"
33,421,"e har en förtrogenhet med centrala delar av vårt svenska och nordiska, inklusive det samiska, samt västerländska kulturarv,"
33,422,"e har utvecklat förståelse för andra kulturer,"
33,423,"e kan kommunicera i tal och skrift på engelska,"
33,424,"e känner till grunderna för samhällets lagar och normer och vet om sina rättigheter och skyldigheter i skolan och i samhället,"
33,425,"e har kunskaper om länders och världsdelars ömsesidiga beroende av varandra,"
33,426,"e känner till förutsättningarna för en god miljö och förstår grundläggande ekologiska sammanhang,"
33,427,"e har grundläggande kunskaper om förutsättningarna för en god hälsa samt har förståelse för den egna livsstilens betydelse för hälsan,"
33,428,e har kunskaper om medier och deras roll och e har fördjupade kunskaper inom några ämnesområden efter eget val.
33,429,"Mål att uppnå i sameskolan Dessa mål uttrycker vad eleverna, som har gått i sameskolan, skall ha uppnått utöver grundskolans mål."
33,430,"Sameskolan ansvarar för att varje elev efter genomgången sameskola e är förtrogen med det samiska kulturarvet och e kan tala, läsa och skriva på samiska."
33,431,Mål att uppnå i specialskolan Grundskolans mål gäller även för specialskolan. I stället för grundskolans mål för svenska och engelska gäller dock särskilda mål för döva och hörselskadade elever.
33,432,"Specialskolan ansvarar för att varje döv eller hörselskadad elev efter genomgången specialskola e är tvåspråkig, dvs kan avläsa teckenspråk och läsa svenska samt uttrycka tankar och idéer på teckenspråk och i skrift och e kan kommunicera i skrift på engelska."
34,433,LÄROPLAN Lpo 94
34,434,Mål att uppnå i särskolan
34,435,"Dessa mål uttrycker vad eleverna, efter sina individuella förutsättningar, skall ha uppnått när de lämnar särskolan. Skolan ansvarar för att varje elev som lämnar grundsärskolan har ökat medvetenheten om sina egna förutsättningar,"
34,436,"efter sin förmåga kan lyssna, läsa och kommunicera,"
34,437,"har utvecklat sådana färdigheter i matematik att eleven kan lösa problem i den dagliga livsföringen,"
34,438,"känner till och förstår grundläggande sammanhang i sin omvärld och så långt möjligt får insikt i grundskolans kunskapsområden och övergripande perspektiv,"
34,439,"har ökat sin förmåga att söka kunskap och veta var man får hjälp att göra det,"
34,440,"har ökade kunskaper inom ett eller flera ämnesområden som utvecklar individen och kan berika fritiden,"
34,441,"kan förstå och använda enklare ord och uttryck på engelska,"
34,442,"har utvecklat sin förmåga till kreativt skapande och fått ett ökat intresse för att ta del av samhällets kulturutbud,"
34,443,känner till grunderna för en god hälsa och har ökat sin förmåga att kompensera verkningarna av utvecklingsstörningen i det dagliga livet.
34,444,"Skolan ansvarar för att varje elev som lämnar träningsskolan har utvecklat sin förmåga att samspela socialt,"
34,445,"att kommunicera genom språk, symboler, tecken eller signaler, att hantera tid, rum, kvalitet, kvantitet och orsakssammanhang i sin omvärld,"
34,446,"att lära känna sin kropp och dess rörelseförmåga,"
34,447,"att vara fysiskt aktiv för hälsa och välbefinnande,"
34,448,"att vara nyfiken och ta initiativ,"
34,449,"att reagera på egna känslor och vara mottaglig för intryck,"
34,450,"att använda olika uttrycksmedel i upplevelser och för kreativt skapande,"
34,451,"att medverka i och försöka ta ansvar för återkommande aktiviteter i sitt dagliga liv,"
34,452,"att använda färdigheter och känna till regler som gör det lättare att fungera i vardagslivet,"
34,453,att uppfatta sig själv som en individ och ha förståelse för andra och att aktivt intressera sig för något område som kan berika individen och tillvaron också utanför skolan.
