word,n
1600och,1
1700-talen,1
1700-talet,1
1700-talets,1
180?,1
1—7,1
4-—8,1
9s,1
=,4
a,40
abraham,1
absolut,1
accentuering,1
accepterar,1
ackompanjemang,2
ackord-,3
adderas,3
addition,1
additions-,2
adjektiv,1
administrativ,1
affischer,2
aggression,1
aktiv,10
aktiva,6
aktivera,2
aktivitet,8
aktiviteter,46
aktiviteterna,4
aktivt,19
aktningen,1
aktsam,1
aktualisera,1
aktualiseras,4
aktuella,36
aktuellt,4
aldrig,7
alfabetiskt,1
algebra,2
algoritm,1
algoritmer,3
algoritmerna,3
alkohol,10
alkolhol-,1
all,10
alla,88
allas,2
allemansrätt,1
allemansrätten,2
allergier,1
allmän,4
allmänna,3
allmänt,1
allsidig,12
allsidiga,1
allsidighet,9
allt,27
allteftersom,1
alltför,3
alltid,11
allting,1
alltmer,1
alltså,4
alstra,1
alternativ,6
alternativa,3
alternativen,1
ambition,1
ambitioner,3
ambitionerna,1
ambitionsnivå,1
amortering,1
an,2
analys,2
analysera,7
analyserande,2
anda,1
andel,1
andelar,1
andning,3
andningen,1
andra,132
andragradsekvationer,2
andras,12
ange,2
angelägenhet,3
angeläget,4
angelägna,2
anger,12
anges,33
angår,1
anknyta,6
anknytas,3
anknyter,2
anknytning,3
anknyts,1
ankommer,6
anlag,1
anledning,2
anledningar,1
anmäla,1
annan,22
annars,4
annat,17
annorlunda,3
anordna,1
anordnas,5
anpassa,8
anpassad,10
anpassas,9
anpassning,4
anpassningar,1
anser,2
anses,1
anslag,1
anslagsteknik,1
ansluter,1
anslutning,19
anslå,3
anslås,3
anspråkslöst,1
anspråksnivån,1
anställda,2
anställning,2
anställningen,1
anställningsförhållanden,1
anställningsskydd,1
anstå,1
ansvar,46
ansvarar,2
ansvaret,9
ansvariga,1
ansvarskännande,1
ansvarskänsla,2
ansvarsområden,1
ansvarstagande,6
ansökan,1
antal,9
antalet,7
antar,1
anteckna,2
anteckningar,3
antika,1
antyds,1
anvisar,1
anvisat,1
anvisningar,5
anvisningsbild,1
använda,51
användas,5
användbart,1
använder,9
användning,22
användningen,6
användningsområden,3
används,8
använt,1
ao,1
apparatur,1
ar*****,1
arbeta,49
arbeta?,1
arbetar,10
arbetare,1
arbete,74
arbeten,3
arbetet,70
arbetets,4
arbets-,4
arbetsdagen,1
arbetsenhet,7
arbetsenheten,12
arbetsenhetens,1
arbetsenheter,12
arbetsenheterna,5
arbetsenheternas,2
arbetsenhetskonferensen,2
arbetsenhetskonferenser,1
arbetsform,2
arbetsformer,13
arbetsformerna,2
arbetsfördelning,1
arbetsfördelningen,1
arbetsförhållanden,4
arbetsförmedlingarna,1
arbetsförmedlingarnas,1
arbetsförmåga,4
arbetsgemenskap,1
arbetsgivare,2
arbetsgivares,1
arbetsgivarverk,1
arbetshygien,1
arbetsinstruktioner,1
arbetslag,6
arbetslaget,1
arbetsliv,18
arbetslivet,26
arbetslivets,1
arbetslivs-,1
arbetslivserfarenhet,2
arbetslivskontakterna,1
arbetslivskontakternas,1
arbetslivsorientering,11
arbetslivsorienteringen,8
arbetslivssektorer,1
arbetslusten,1
arbetslöshet,1
arbetsmarknad,3
arbetsmarknaden,5
arbetsmarknadsfrågor,1
arbetsmarknadsmyndigheter,1
arbetsmaterial,1
arbetsmetoder,6
arbetsmetoderna,1
arbetsmiljö,6
arbetsmiljöer,5
arbetsmiljöers,1
arbetsmiljöfrågor,3
arbetsmiljölagen,1
arbetsmiljön,1
arbetsmiljöproblem,1
arbetsoch,1
arbetsområde,1
arbetsområden,8
arbetsområdet,1
arbetspassen,1
arbetsplan,9
arbetsplanen,9
arbetsplaner,4
arbetsplanerna,1
arbetsplats,5
arbetsplatsen,2
arbetsplatser,4
arbetsplatserna,1
arbetsresultat,2
arbetsritning,1
arbetsrutiner,1
arbetsrörelser,2
arbetssituationerna,1
arbetsskyldighet,1
arbetsskyldigheten,1
arbetsställningar,3
arbetssätt,45
arbetssättet,8
arbetssökande,1
arbetstagare,2
arbetstagares,2
arbetsuppgift,2
arbetsuppgifter,13
arbetsuppgifterna,1
arbetsvillkor,2
area,3
argument,5
argumentera,2
argumenterar,1
aritmetik,4
aritmetiken,2
arkitekturens,1
arrangera,3
arrangeras,2
art,2
artiklar,1
arv,2
arvet,1
associationer,1
astronomiska,3
atom-,1
att,1047
attityd,1
attityder,6
attlyssna,1
autentiska,2
autentiskt,2
av,621
avbildade,1
avbildningar-knutna,1
avfall,1
avgaser,1
avge,1
avger,1
avges,1
avgränsat,1
avgör,2
avgöra,2
avgörande,7
avgöras,1
avhålla,1
avkoppling,1
avlyssning,1
avläsa,1
avläsning,1
avpassad,1
avpassade,3
avpassas,1
avrundas,1
avrundningar,1
avsatta,1
avse,2
avsedd,1
avseende,5
avseenden,1
avser,2
avsett,1
avsevärda,1
avsikt,1
avsikten,4
avsikter,1
avskrivning,3
avslappning,1
avslutad,1
avslöja,1
avsnitt,3
avsnittet,1
avspändhet,1
avspänning,1
avstånd,6
avsätta,1
avsättas,2
avsätts,4
avtal,3
avvika,1
avvikelser,3
avväga,1
avvägning,1
avvägt,1
b-språk,1
backar,1
badminton,1
badvett,1
bakgrund,8
bakgrundsfaktorer,1
bakom,2
balans,2
balansen,1
balansövningar,1
bandat,1
bandspelare,1
bandy,1
bara,5
barn,64
barn-,9
barnböcker,1
barnen,19
barnens,13
barnet,10
barnets,7
barnhem,1
barnkulturen,1
barnkunskap,3
barnoch,1
barnolycksfall,1
barnomsorg,1
barns,22
bas,1
baserad,1
baseras,1
basis,1
basket,1
baskunskaperna,1
beaktas,2
beaktat,1
bearbeta,22
bearbetad,1
bearbetar,2
bearbetas,6
bearbetning,1
bebyggelse,1
bedriva,2
bedrivas,5
bedriven,1
bedriver,1
bedrivna,1
bedrivs,2
bedöma,8
bedömas,2
bedömer,1
bedömning,3
bedömningar,1
befinner,1
befintliga,1
befolkningens,1
befolkningsfördelning,1
befolkningstillväxt,1
befolkningsökning,1
befria,1
befriad,1
befriats,1
befrämja,1
befrämjar,1
befrämjas,1
befästa,8
befästs,2
begagna,1
begrepp,20
begreppen,8
begreppet,3
begreppsförråd,1
begreppsindelning,2
begreppsvärld,1
begripligt,4
begränsa,1
begränsad,2
begränsade,3
begränsas,5
begränsat,4
begränsning,1
begränsningar,3
begränsningsarea,1
behandla,6
behandlade,1
behandlar,4
behandlas,23
behandlats,4
behandling,5
behandlingen,1
behov,47
behovet,2
behovsinriktat,1
behovsstyrd,1
behärska,6
behärskar,5
behärskas,1
behärskning,2
behörighet,1
behöva,2
behöver,29
behövliga,1
behövs,5
bekanta,5
bekantskap,2
belamras,1
belysa,7
belysas,3
belyser,9
belyses,3
belysningen,1
bemästra,1
beredas,3
beredskap,4
berg,1
berikande,2
beroende,11
beroendeframkallande,1
beror,4
beräkna,5
beräkning,10
beräkningar,10
beräkningarna,2
berätta,13
berättarglädje,1
berättarteknik,1
berättelser,15
berör,6
berörda,5
beröringspunkter,1
beskaffenhet,1
besked,1
beskriva,13
beskrivande,3
beskrivas,1
beskriver,1
beskrivning,2
beskrivningar,5
beskrivs,2
beslut,19
besluta,7
beslutade,1
beslutanderätt,1
beslutar,12
beslutas,1
beslutat,1
besluten,2
besluts-,1
beslutsförmer,1
beslutsnivå,1
beslutsprocesser,1
beslutsrätt,6
beslutsrätten,1
bestämd,3
bestämda,2
bestämma,1
bestämmelse,1
bestämmelser,4
bestämmelserna,1
bestämmer,1
bestämt,1
bestå,6
bestående,5
består,6
besvara,1
besvaras,1
besöka,1
besöker,1
betalningsformer,1
beteckningar,2
beteckningen,1
beteende,3
beteenden,2
betingelser,1
betona,1
betonas,3
betoning,1
betoningen,1
betraktas,1
betraktelsesätt,1
betslag,1
betyda,1
betydande,6
betydelse,29
betydelsefull,9
betydelsefulla,4
betydelsefullt,2
betydelsen,17
betydelser,2
betydelsfullt,1
betyder,6
betydligt,1
betyg,7
betygen,3
betyget,4
betygsgraderna,1
betygsättningstillfället,1
betytt,1
bevara,1
bevarar,2
bevis,1
bibehålla,1
bibehållen,1
bibeln,5
bibelns,1
bibetydelser,1
bibliotek,4
biblioteken,1
bibliotekens,1
biblioteket,1
bibliotekets,1
biblioteks-,2
bidra,17
bidrag,1
bidragit,1
bidrar,7
bild,35
bild-,1
bilda,6
bildanalys,1
bildanalysen,2
bildar,2
bildarbete,1
bildarbetet,3
bilden,3
bildens,7
bilder,35
bilderböcker,3
bilderna,2
bildernas,2
bilders,2
bildframställning,2
bildframställningen,2
bildkategorierna,1
bildkommunikation,1
bildkommunikationen,1
bildkonstnärers,1
bildmiljöer,1
bildmässiga,1
bildspråk,3
bildspråket,2
bildspråkets,1
bildsyn,1
bildteknik,1
bildtekniker,3
bildupplevelser,1
bildämnet,1
bindande,1
biologi,4
birgitta,1
bit,1
biträda,1
bjuda,1
bl,39
bla,1
bland,4
blandade,1
blandningar,1
bli,42
blind,1
blir,31
blivit,1
block,1
blockeras,2
boende,4
boendeformer,1
boendefrågor,1
boendekostnader,1
boendemiljö,2
boendemiljön,1
bok,2
bok-,1
bokillustrationer,1
bokkunskap,1
bokliga,1
boksamlingar,1
bokstav,1
bokstavstecken,2
bokstäver,2
bokutlåning,2
bokutställningar,1
boll,1
bollar,1
bollekar,2
bollspel,4
bollspelen,1
bollövningar,1
bondelandskap,1
bor,1
bordtennis,1
borta,1
bostad,2
bostaden,1
bostadens,1
bostads-,1
bostäder,1
bra,9
bred,2
bredda,2
brett,1
brev,6
brevväxla,1
bringa,1
bristande,2
brister,2
brittisk,1
broderi,1
broschyrer,4
brott,1
brottsförebyggande,1
brottslighet,1
bruka,1
brukar,1
brukbara,1
bruks-,1
bruksanvisningar,2
bruksföremål,4
brygga,1
bryta,1
brytas,1
bryter,1
bryts,3
bråk,4
bråkform,4
bråktal,1
bröder,1
bröstsim,1
buddhism,1
budget,2
buds,2
budskap,8
buller,2
bundet,1
bygden,1
bygga,8
byggas,2
byggbart,1
byggd,1
bygger,7
byggnad,5
byggs,3
byta,1
byter,1
bära,3
bäst,2
bästa,7
bättre,4
båda,5
både,35
båtvett,1
böcker,6
bön,1
bör,216
börja,5
började,1
början,3
börjar,1
börjat,1
cellen,1
central,2
centrala,10
centralt,2
centrum,3
chock,1
cirkel,1
cirkeldiagram,1
cirkelns,1
cirklar,1
cirkulation,1
cirkulationen,1
civilisationer,1
co,1
collage,1
cykelturer,1
cylinder,1
cz,1
dag,4
dagar,4
dagböcker,3
dagens,7
daghem,1
dagliga,9
dagligen,3
dagligt,1
dagsaktuella,1
dagstidningar,1
dana,1
dans,7
dansa,2
danser,8
danska,5
danskar,1
danssteg,2
data,5
databehandling,1
databehandlingsområden,1
datalagen,1
datalära,2
datoranvändning,1
datorer,2
datorfunktionerna,1
datoriseringen,1
datorn,2
datorns,1
datorprogrammets,1
datumangivelser,1
dd,1
de,500
debatt,2
debattartiklar,1
debatter,1
debattera,1
debattinlägg,1
decentraliseras,1
decentraliserat,1
decentralisering,1
decentraliseringen,1
decilitermått,1
decimaler,2
decimalform,7
deformera,1
del,49
dela,2
delar,12
delas,1
delegera,1
delegerar,3
delen,3
delmoment,1
delmål,1
dels,8
delta,19
deltagande,4
deltagandet,1
deltar,3
delvis,1
dem,63
demokrati,5
demokratin,1
demokratins,4
demokratis,3
demokratisk,3
demokratiska,11
demokratiskt,3
demonstrera,1
demontering,1
den,274
denna,30
densamma,1
densitet,1
deras,71
dess,28
dessa,64
dessförinnan,1
dessutom,14
det,259
detaljer,1
detaljerade,1
detaljerat,1
detsamma,2
detta,69
deverna,1
diagnoser,1
diagnostiska,1
diagonal,1
diagram,6
dialektala,2
dialekter,2
dialogform,3
diffus,1
dighet,1
digheter,1
dikt,5
dikter,14
diktsamlingar,1
direkt,8
direkta,4
direktkontakten,1
direktutskrift,1
disk,3
diskriminering,1
diskussion,9
diskussionen,2
diskussioner,9
diskussionerna,1
diskutera,32
diskuterade,1
diskuterar,2
diskuteras,8
disponera,4
disponerade,1
disponeras,2
dit,2
dividera,1
division,1
divisionstabellerna,1
djup,1
djuptryck,1
djur,7
djuren,1
djurs,1
djurvård,2
do,3
dock,16
dokumentera,3
dokumenterad,1
dominera,1
dominerar,1
dra,9
drabbade,1
drama,2
dramalek,1
dramatik,3
dramatisera,4
dramatiseringar,5
dramatisk,3
drar,1
drivkraften,1
droger,1
drunknande,1
dryckesvanor,1
drömmar,1
dubbelteckning,2
duger,1
dugliga,1
dukning,1
duplicerade,1
duplicering,1
duschning,1
dvs,4
dykning,1
dykövningar,1
dylikt,2
dynamik,3
där,42
därefter,4
däremot,3
därför,86
däri,1
därigenom,25
därmed,10
därom,3
därtill,3
därutöver,6
därvid,15
då,36
död,3
döda,1
döden,4
döljas,1
e,1
effekter,2
effektiv,1
effektiva,3
effektivast,1
efter,55
efterbehandling,1
efterfråga,1
efterfrågar,1
efterfrågas,1
efterhand,2
efterleva,1
efterlevs,1
eftersatta,2
eftersom,8
eftersträvas,3
egen,27
egendom,1
egenskaper,8
egentlig,1
egenvärde,2
eget,17
eggar,1
egna,80
ej,1
ekologin,1
ekologisk,3
ekologiska,1
ekologiskt,1
ekonomi,2
ekonomisk,5
ekonomiska,13
ekonomiskt,2
ekosystemets,1
ekvationer,3
ekvationssystem,1
ele*****,1
elektronik,2
elektroniska,1
elementära,2
elev,21
elev-,1
elevaktiva,2
elevaktivitet,1
elevantal,1
elevassistenter,1
elevdeltagande,1
eleven,20
elevens,21
elever,150
eleverna,399
elevernas,120
elevers,6
elevförening,1
elevföreningar,1
elevföreningarna,1
elevgrupp,1
elevgrupper,6
elevgruppers,1
elevindividualiteter,1
elevorganisationer,1
elevråd,2
elevrådet,1
elevrådsarbetet,1
elevs,3
elevtidningar,1
elevvårdsarbete,1
elevvårdskonferens,1
elevvårdskonferensen,5
elevvårdspersonal,1
elkunskap,1
eller,173
elström,1
elva,1
emellan,1
emellertid,9
emot,3
en,364
ena,4
enbart,18
endast,6
energi,5
energi-,1
energiformer,1
energifrågor,1
energikälla,1
energiomvandlingar,2
engagemang,5
engagera,7
engagerande,2
engagerar,1
engageras,1
engelska,28
engelsktalande,5
enhet,6
enheten,2
enheter,7
enheterna,2
enhetsbyten,3
enhetsbytena,1
enkel,4
enkel-,2
enkelt,5
enkla,33
enklare,7
enkäter,2
enlighet,1
enligt,17
ensam,1
ensamhet,2
ensamma,1
ensidig,4
ensidighet,1
ensidigt,5
ensiffrig,2
enskild,4
enskilda,16
enskilde,3
enskildes,3
enskilt,4
enstaka,2
enstaviga,1
envar,1
epoker,1
epokers,1
erbjuda,4
erbjudas,2
erbjuder,1
erbjudna,1
erfara,2
erfarenhet,4
erfarenheten,1
erfarenheter,35
ergonomi,2
ergonomiskt,1
erhåller,1
erkännas,1
ersätta,1
ersättas,1
estetisk,2
estetiska,3
etappmål,3
etc,26
etermedier,1
etik,3
etiska,9
ett,221
etthundra,1
ettor,1
europa,3
eventuell,1
eventuella,3
eventuellt,2
ex,84
exempel,14
exempelvis,20
exemplen,1
exemplifieringar,1
existerande,1
exkursioner,3
experiment,6
experimentellt,1
experimentera,3
experter,1
extensiv,1
extensivt,1
extra,1
f,1
fabulera,1
fackböcker,1
facklig,1
fackliga,1
fackligt,1
facklitteratur,5
fadderverksamhet,2
fakta,8
faktiska,1
faktorer,7
faktorn,2
fall,31
fallet,1
falsk,1
familj,6
familjefrågor,1
familjelagstiftning,1
familjen,3
familjerelationer,1
fanstasi,1
fantasi,6
fantastiska,1
fantisera,2
faror,5
farorna,1
fast,2
fasta,1
fastare,1
fasthet,1
fastnar,1
fastställer,1
fastställs,2
fatta,2
fattar,2
fattas,2
fattat,1
fattiga,1
fattigare,1
fel,1
felaktig,1
felaktigt,1
felval,1
fem,4
femgradig,1
femmor,1
ferier,1
ff,3
figurer,1
figurerna,1
figurers,1
film,8
filmcensur,1
filmens,2
filmer,4
filmförevisningar,2
filmning,1
filmproduktion,1
finansieras,1
finansieringsmöjligheter,1
fingersättning,1
finna,2
finnas,7
finner,2
finns,38
finska,1
fjällturer,1
fjällvett,1
fjärde,1
fl,1
fler,4
flera,15
flersiffriga,1
flesta,8
flickor,5
flytande,1
flytta,1
folk,2
folkbibliotek,2
folkdans,1
folkdanser,1
folkliga,1
folkrörelser,2
folkslag,1
folktäthetsmönster,1
fond,2
fonden,1
fonetisk,2
fonogram,1
fordrar,5
fordras,2
form,28
form-,2
forma,2
formaliserad,2
formar,2
formarbete,1
formas,3
format,1
formats,1
formelinriktad,1
formell,1
formella,4
formellt,1
formen,1
former,20
formerna,2
formgivning,1
formler,3
formspråk,1
formulera,4
formuleras,1
formuleringar,1
forntida,1
forskning,4
forskningens,1
forskningsresultat,1
forstran,1
fortbildning,2
fortbildningen,1
fortfarande,2
fortlöpande,5
fortplantning,3
fortsatt,6
fortsatta,7
fortsätta,4
fortsätter,2
fortsättning,1
forum,1
fostra,10
fostran,7
fostras,2
fotboll,1
fotbollsplaner,1
foto,4
fotografera,1
fotografiska,1
fotosyntes,1
fram,12
framför,11
framföra,4
framförs,2
framgå,3
framgångsrika,1
framgångsrikt,2
framgår,2
framhävs,2
framhävt,1
framhållits,1
framkallning,1
framsteg,3
framställa,1
framställda,1
framställning,5
framställningar,1
framställningen,2
framställs,3
framstå,2
framtid,3
framtida,6
framtiden,5
framtidsplaner,1
framträdande,2
framåtskridande,1
franciscus,1
franska,7
franskatyska,10
fransktysktalande,4
fraser,13
frasförråd,1
fred,3
fredliga,1
fredsfostran,1
fredssträvanden,2
frekvens,1
frekvenser,1
frekvensers,1
frekvenstabeller,1
fri,8
fri-,2
fria,49
friare,5
frihet,4
friktion,1
friluftsdagar,2
friluftsliv,8
friluftsrörelsen,1
friluftsteknik,1
friluftstimmarna,1
friluftsverksamhet,2
friluftsverksamheten,4
friskvård,4
fristående,1
fritid,8
fritiden,3
fritidens,2
fritids-,2
fritidsaktiviteter,1
fritidsfrågor,1
fritidsförvaltning,1
fritidsgrupper,1
fritidsgårdar,1
fritidshemmens,1
fritidsliv,3
fritidsmiljö,1
fritidspersonal,2
fritidssysselsättningar,1
fritidsvanor,1
fritidsverksamhet,2
fritt,5
frivillig,1
frivilliga,2
frivilligt,2
frukost,1
frälsning,1
främja,5
främjar,1
främjas,2
främlingskap,1
främmande,15
främst,20
fråga,17
frågan,4
frågeställningar,2
frågetecken,1
frågor,58
frågorna,3
fråmja,1
från,102
frångå,1
frångår,1
frånvarande,1
frånvaro,3
fträmmande,1
fullgör,1
fullgöra,3
fullgörs,1
fullständig,1
fullvärdiga,1
funderingar,2
fungera,4
fungerar,10
funktion,7
funktionellt,2
funktioner,9
funktionsbegreppet,1
funktionslära,2
funktionsvärden,1
funktionärskap,1
funktionärsuppgifter,1
funktionärsutbildning,1
fyllest,1
fyllt,1
fyra,2
fyrhörningar,1
fyror,1
fysik,2
fysikaliska,3
fysisk,6
fysiska,9
fältarbete,1
fältstudier,2
färdig,3
färdighet,7
färdigheter,47
färdigheterna,5
färdighetsträning,4
färdighetsträningen,5
färdighetsutveckling,1
färdighetsämnen,1
färdigmalare,1
färdigt,1
färg,5
färgad,1
färgar,1
färgers,1
färglära,1
färgsinne,1
färhuvudmoment,1
få,143
fånga,1
får,91
fått,4
föda,2
födans,1
födelse,3
följa,11
följande,14
följden,1
följder,5
följderna,1
följer,1
följs,2
för,679
för-,3
föra,4
förankra,2
förankras,1
förankring,1
föranledda,2
föras,2
förbereda,1
förberedas,1
förberedelse,3
förbereder,1
förberett,1
förbindelser,1
förblir,1
förbrukning,1
förbundet,1
förbundna,1
förbättra,8
förbättrad,2
förbättring,1
förbättringar,2
fördel,4
fördela,7
fördelade,2
fördelar,2
fördelning,2
fördelningen,5
fördjupa,4
fördjupar,1
fördjupat,1
fördjupning,4
fördjupningsstudier,1
fördjupningsuppgifter,2
fördomar,2
före,8
förebilder,1
förebygga,3
förebyggande,6
förebyggas,1
förebygger,1
föredra,1
föredrag,1
föredrar,1
föredöme,1
föregående,2
förekomma,8
förekommande,2
förekommer,8
förekomst,1
föreligger,3
föremål,5
förenad,1
förening,1
föreningar,25
föreningarna,4
föreningarnas,1
föreningen,1
föreningens,1
förenings-,1
föreningsaktiviteter,1
föreningsarbetet,1
föreningsföreträdare,1
föreningsliv,3
föreningslivet,1
föreningslivets,1
föreningsmedlemmar,1
föreningsmedverkan,1
föreningsuppdrag,1
föreningsverksamhet,3
förenklade,1
förenkling,1
föreskrifter,11
föreskrivs,1
föreslå,2
föreslår,1
föreställning,1
föreställningar,5
företag,1
företagsamhetens,1
företagsutbildning,1
företeeler,1
företeelser,13
företrädare,6
företräder,1
företrädesvis,3
författare,3
förfelar,1
förfina,1
förflutna,1
förflyttningar,1
förfoga,1
förfogande,5
förhandlingar,1
förhandsanmälan,1
förhandsanmälas,1
förhandsgranskning,1
förhandsproducerade,1
förhastade,1
förhindra,2
förhålla,1
förhållande,6
förhållanden,27
förhållandena,1
förhållandet,3
förhåller,2
förhållningssätt,1
förhörs,1
förindustriella,1
förklara,3
förknippade,1
förkortningar,1
förkunnelse,1
förkunnelsen,1
förkunskaper,4
förlorar,2
förläggas,1
förläggning,1
förlåtelse,2
förmedla,10
förmedlare,1
förminskning,1
förmodligen,1
förmå,1
förmåga,45
förmågan,5
förmån,1
förmår,1
förnedring,1
förnyade,1
förnyas,1
förnyelse,2
förordning,1
förordningar,2
förordningen,1
förorsakar,1
förpliktelse,1
förr,11
förråd,5
förs,2
förser,1
försiggår,1
förskola,6
förskolan,7
förskolans,2
förskolebarn,1
förslag,8
förslagen,1
förslitningsskadorna,1
förslå,1
försorg,4
först,7
första,21
förstahandsval,1
förstoring,1
förstärka,2
förstärker,1
förstärkningar,1
förstärkningsresurs,2
förstärkningsresursen,5
förstärkningsresursens,2
förstärks,1
förstärkt,1
förstå,39
förstådd,1
förstådda,2
förståelse,12
förståelsen,2
förstår,2
förstörelse,1
försvar,1
försök,2
försöka,3
försöker,2
försöksverksamhet,2
försörjning,1
förteckningar,1
förtroende,1
förtroendefullt,1
förtroendemans,1
förtroendeposter,1
förtrogna,4
förtryck,2
förut,1
förutbildning,1
förutom,1
förutses,1
förutsätter,4
förutsättning,4
förutsättningar,24
förutsättningarna,2
förutsättningen,1
förvaltning,1
förvandlas,1
förvaring,2
förverkliga,2
förverkligar,1
förverkligas,1
förvissade,1
förväg,3
förvänta,1
förväntningar,2
förvärva,6
förvärvas,1
förvärvat,1
förväxlas,1
föräldrakontakter,1
föräldrakontakterna,1
föräldramedverkan,1
föräldramöten,1
föräldrar,42
föräldrarna,16
föräldrarnas,4
föräldrarnasvårdnadshavarnas,1
föräldrars,1
föräldrasamtal,1
förändra,2
förändras,5
förändrat,1
förändrats,2
förändringar,6
förödande,1
gamla,2
gammal,1
ganska,3
garantera,1
garanterade,1
garanteras,1
garntekniker,1
gavs,1
ge,88
gehör,1
gehöret,1
gehörsmässigt,1
gemensam,9
gemensamma,23
gemensamt,14
gemenskap,7
generation,1
generationer,2
generationers,2
generella,1
genom,159
genomarbetade,1
genomföra,3
genomförande,2
genomförandet,1
genomföras,1
genomförs,1
genomskåda,1
genomslagskraft,1
genomtänkta,1
genrer,3
geografi,8
geografisk,1
geografiska,7
geometri,8
geometriska,10
geometriundervisning,1
geometriundervisningen,1
ger,28
ges,26
gestalta,1
gestalter,3
gifter,1
gifters,1
giftverkan,1
givande,1
given,4
givet,1
givetvis,5
givna,4
gjorda,1
gjort,2
gjorts,1
glasögon,1
glesbygdsområden,1
glida,1
glädje,4
god,15
goda,14
godtas,1
golv,2
gott,5
grad,7
graden,1
gradvis,5
grafer,1
grafisk,1
grammatik,4
grammatiken,2
grammatikstudierna,3
grammatikövningarna,1
grammatiska,13
grannspråken,1
granska,12
granskning,2
gren,1
grenar,2
grepp,1
gripbara,1
grund,12
grund-,1
grunda,1
grundad,1
grundas,2
grunden,4
grunder,1
grundformerna,1
grundkurs,1
grundliga,3
grundligt,1
grundlägga,2
grundläggande,36
grundlägger,1
grundläggs,1
grundpotensform,1
grundskola,2
grundskolan,17
grundskolans,17
grundskoletiden,1
grundsteg,1
grundsyn,1
grundtankarna,1
grundutbildning,1
grundval,1
grundämnen,1
grupp,19
grupp-,1
gruppaktiviteter,1
grupparbete,1
gruppdiskussioner,2
gruppen,2
gruppens,2
grupper,34
gruppera,1
grupperas,2
grupperat,1
grupperats,1
gruppering,3
grupperingar,1
grupperingen,1
gruppers,1
grupptillhörighet,1
gruppundervisning,1
gruppvis,1
gräns,3
gränser,2
gränserna,2
gräs*****,1
gudstro,1
gymnasielinjer,1
gymnasieskolan,3
gymnastik,1
gynnas,1
gälla,11
gäller,35
gällt,1
gärna,3
gå,3
gånger,2
gångna,3
går,4
gårdagens,1
gåva,1
gör,9
göra,40
göras,8
göromål,2
görs,3
ha,31
han,3
hand,27
handboll,1
handböcker,1
handel,3
handeln,1
handgrepp,1
handikapp,9
handikappade,1
handikappbegreppet,1
handikappidrott,1
handikappidrotten,1
handla,3
handlande,1
handlar,1
handleda,2
handledare,2
handling,3
handlingar,5
handlingsberedskap,2
handlingssätt,1
handläggning,1
handredskap,1
handskas,1
handstil,3
hanhon,1
hans,2
hantera,3
hantering,2
hantverkets,1
har,134
harmonisk,1
harmoniska,1
harmoniskt,1
hastighet,2
hastighetsåkning,2
hel,1
hela,21
helhet,1
helhetsperspektiv,1
helhetssyn,2
helhetsuppfattning,1
heller,4
helst,4
helt,5
hem,11
hem-,1
hemarbete,1
hemarbetet,2
hembygd,1
hembygden,3
hembygdens,3
hemkommunen,1
hemkunskap,15
hemkunskapen,1
hemkunskapslokaler,1
hemlandet,2
hemma,7
hemmen,9
hemmet,19
hemmets,2
hemmiljö,2
hemslöjden,1
hemspråk,35
hemspråket,4
hemspråkslärarna,1
hemspråkslärarnas,1
hemspråksträning,1
hemspråksundervisning,1
hemspråksundervisningen,6
hemtextilier,3
hemuppgifter,5
hemuppgifternas,1
hemvist,1
hennes,3
heter,1
hinder,1
hindra,2
hindrar,1
hindret,1
hinduism,1
histogram,1
historia,11
historieuppfattning,1
historieuppfattningar,1
historiska,7
historiskt,3
hit,1
hitta,2
hittar,1
hittillsvarande,1
hjälp,28
hjälpa,15
hjälpen,1
hjälpmedel,13
hjälpåtgärder,1
hjärtverksamhet,1
hobbies,1
hobbybetonade,2
hobbygrupper,1
hobbyklubbar,1
hon,3
hopp,4
hoppa,1
hopprep,1
hoppövningar,1
hos,14
hot,2
hota,1
humanism,1
humor,1
hur,114
hushåll,1
hushålla,3
hushållens,2
hushållning,7
hushållsarbetet,1
hushållsavfall,1
hushållsekonomi,1
huvud,2
huvud-,4
huvudansvaret,2
huvuddragen,1
huvudgrupper,1
huvudinnehållet,1
huvudinslaget,1
huvudman,1
huvudmoment,26
huvudmomenten,8
huvudmomentens,2
huvudparten,1
huvudräkning,5
huvudsak,1
huvudsakliga,1
huvudsakligen,7
huvuduppgift,3
hygien,10
hygienen,1
hygienisk,1
hygieniska,3
hygieniskt,1
hygienvanor,1
hypoteser,1
hälsa,15
hälsan,1
hälsofrämjande,1
hälsoproblem,1
hälsorisker,1
hälsotillstånd,1
hälsovård,2
hämta,1
hämtas,1
händelser,25
hänger,3
hängövningar,1
hänsyn,12
hänsynstagande,2
hänvisade,1
här,9
härigenom,5
härom,1
hävda,4
håll,1
hålla,4
hållbara,1
håller,1
hårda,2
hårt,1
hög,3
högljuddare,1
högre,5
högst,1
högstadieelever,1
högstadierna,1
högstadiet,85
högstadietiden,3
högstadiets,1
högtryck,1
höjd,1
hör,12
hör-,7
höra,4
hörn,1
hört,2
hörövningar,2
höst-,2
höstterminen,1
i,1366
iaktta,10
iakttagelse-,1
iakttagelser,19
iakttagelsers,1
iarbetsplanen,1
ibland,7
icke,5
ideal,2
ideella,1
identifiera,1
identisk,1
identiska,1
identitet,1
identitetskänsla,1
idoler,2
idrott,19
idrotten,2
idrotts-,1
idrottsaktiviteter,1
idrottsförening,1
idrottsföreningars,1
idrottsgrenar,1
idrottslig,1
idrottsliga,2
idrottsrörelsens,1
idé,1
idéburna,2
idéer,10
idéinriktade,1
ifrågasätta,3
ifrågasättande,1
ifrågavarande,1
ifrån,2
igång,1
ihop,1
ikon,1
ilandföring,1
illustrera,1
illustrerar,1
imitera,1
improvisationer,1
improvisationsuppgifter,1
improvisera,4
improviserade,2
improviserat,1
impulser,2
in,27
in-,1
inarbetas,1
inbegriper,1
inblick,4
inblickar,1
inbördes,1
indelad,1
indelade,1
indelning,3
indelningsgrunder,1
individ,3
individ-,1
individen,1
individens,2
individer,2
individinriktat,1
individualisera,1
individualiseras,2
individualisering,3
individualiserings-,1
individualitet,2
individualiteten,1
individuell,2
individuella,6
individuellt,11
indoktrinering,1
industri,1
industri-,1
industrialiserade,1
industrialisering,2
industrier,2
inflytande,2
infor*****,1
information,28
informationen,2
informationer,1
informationsbehandling,1
informationsutbud,1
informativa,1
informella,1
informera,7
informerande,1
infödda,1
inför,10
införande,1
införas,1
infört,1
införts,1
inga,2
ingen,9
inget,4
ingå,16
ingående,4
ingår,46
inhämta,2
initiativ,8
inköp,4
inledning,2
inlevelse,1
inlärda,9
inlärning,3
inlärningen,2
inlärt,1
innan,3
innanför,1
innbär,1
innebär,22
innebära,5
innebörden,4
innefattas,1
innehåll,34
innehålla,2
innehåller,6
innehållet,8
innehållsdeklarationer,1
innehållsmässiga,1
innehållsrik,1
inom,111
inre,4
inreda,1
inredning,7
inriktad,3
inriktade,1
inriktas,8
inriktning,20
inriktningen,1
inräknas,1
inrättad,1
insamlade,1
insamling,2
insats,2
insatser,30
insatserna,4
inse,9
inser,1
insidan,1
insikt,16
insikter,6
insikterna,1
inskränka,1
inskränkas,2
inslag,16
inspelat,1
inspelningar,2
inspiration,1
inspirationskälla,1
inspirera,2
inspirerade,1
instruera,1
instruerar,1
instruktioner,2
instrument,6
instrumentalkännedom,1
instrumentalstycken,1
instrumenten,1
instrumentens,1
inställa,1
inställda,1
inställning,2
inställningen,2
inställs,1
inta,2
intagningen,1
intagningsnämnden,1
intalningar,1
inte,112
integreras,1
integrerat,1
integritet,2
intellektuella,3
intensifieras,1
intern,2
interna,2
internatförläggning,1
internationell,4
internationella,8
internationellt,2
internt,1
intervjua,2
intervjuer,8
intet,2
intimt,2
intonation,3
intresse,19
intresse-,1
intressefält,1
intresseindividualisering,1
intresseinriktning,1
intressen,30
intresseprofilering,1
intressera,1
intresserade,2
intresserar,2
introduceras,1
intryck,3
inträffa,1
invandrarbarn,2
invandrarbarnen,1
invandrare,1
invandrarelever,3
invandrareleverna,1
invandrarfamiljernas,1
invandrarfrågor,2
invandrarföräldrarna,1
invandrarländernas,1
invandrarna,1
invandrarnas,2
invandrarorganisationerna,1
inverka,1
inverkan,4
inverkar,1
inövade,3
inövas,1
inövats,2
is,1
isdubbar,2
ishockey,1
iskunskap,2
islam,1
isländska,1
isolera,1
isolerad,1
isolerade,2
isoleras,1
isolerat,2
ispik,2
isspel,2
istid,1
isvak,3
isvett,3
ital,2
itandföringsövningar,1
jaget,1
jazz,1
jazzgymnastik,1
jesu,4
jord,1
jord-,1
jordbruk,2
jorden,2
jordens,6
jordytan,2
jordytans,2
josef,1
judendom,1
judendomen,1
just,5
justering,1
jälp,1
jämför,1
jämföra,7
jämföras,2
jämförelsemöjligheterna,1
jämförelser,8
jämförpris,1
jämförs,2
jämlikhet,1
jämnt,1
jämnåriga,1
jämsides,1
jämställdhet,11
jämställdhetsfostran,1
jämställdhetsfrågor,1
järn,1
k,5
kallar,3
kamera,2
kameran,1
kampen,1
kamrat-,1
kamrater,12
kamraterna,1
kamraternas,1
kamraters,1
kamratkrets,1
kamratkretsen,2
kamratliv,1
kamratlivet,1
kan,280
kanotfärder,1
kant,1
kap,1
karaktär,3
karaktärsdaning,1
karta,3
kartan,2
kartans,1
kartbegrepp,1
kartbild,1
kartböcker,1
kartor,3
kartors,1
kast,3
kataloger,1
katederundervisning,1
kategoriska,1
katolska,1
kedja,1
kemi,3
kemikalier,1
kemisk-tekniska,4
kemiska,3
kikare,1
klang,2
klanger,1
klar,1
klara,10
klarar,1
klarat,1
klargör,2
klargöra,3
klargöras,1
klargörs,1
klarläggande,1
klarlägger,1
klart,14
klass,9
klass-,1
klassen,13
klasser,14
klasserna,1
klassföreningar,1
klassföreståndare,2
klassföreståndaren,2
klassföreståndarna,1
klassindelning,1
klasskamrater,1
klasskamraterna,1
klassmöten,2
klassrummet,2
klassrumsorientering,1
klassråd,10
klassråden,1
klassrådets,1
klimat,5
klimat-,1
klimatkunskap,1
klockan,1
klot,1
klubba,1
klyftor,1
kläder,7
klädsel,6
klädsim,2
klädvalets,1
klädvård,1
klätter-,1
klättra,1
knappast,1
knutet,2
knutna,1
knyta,3
kollektiva,1
kollisioner,1
kombination,1
kombinationer,1
kombinerar,1
komma,17
kommande,8
kommentarer,1
kommentarerna,1
kommentarmaterial,4
kommentarmaterialet,4
kommer,23
kommit,5
kommun,4
kommunala,7
kommunen,4
kommunens,2
kommuner,1
kommunerna,2
kommunicera,2
kommunikation,3
kommunikationer,1
kommunikationsfärdigheter,1
kommunikationsfärdigheterna,3
kommunikationsförmåga,1
kommunikationsmedel,2
kommunikationssystem,1
kommunnivå,1
kompass,2
komplement,2
komplettera,3
kompletterande,2
kompletterar,2
kompletteras,4
komplicerade,2
komponera,2
komposition,1
kon,1
koncentration,1
koncentrerade,1
koncentrerar,1
koncentreras,4
kondition,5
konditionsstärkande,1
konditionsträning,2
konferenser,8
konferensernas,1
konferensplaneringen,2
konferensverksamheten,1
konflikt,1
konfliktbearbetning,1
konflikter,16
konflikterna,1
konfliktlösning,1
konfliktlösningar,2
konfliktlöst,1
konfliktområden,1
konfliktsituationer,1
konfrontations-,1
kongruens,1
konjugatregeln,1
konkret,6
konkreta,9
konkretisera,1
konkretiseras,1
konkretisering,1
konsekvenser,2
konsekvenserna,2
konsekvent,4
konsekventa,1
konserter,2
konservera,1
konsonant,1
konsonanter,2
konst,1
konstarter,1
konstatera,1
konstbild,1
konstbilder,2
konstgjord,2
konstnärer,2
konstnärliga,2
konstnärligt,2
konstruera,1
konstruerade,2
konstruktion,8
konstruktioner,1
konstutställningar,1
konståkning,1
konsumentekonomi,1
konsumentens,3
konsumenter,4
konsumenternas,1
konsumentfostran,1
konsumentfrågor,10
konsumentinformation,3
konsumentkunskap,1
konsumenträttsliga,1
konsumtion,3
konsumtionsfrågor,1
konsumtionsvanor,2
kontakt,30
kontaktarbete,2
kontaktbehov,1
kontakten,6
kontakter,12
kontakterna,2
kontaktformer,1
kontaktspråk,1
kontakttillfällen,1
kontinuerlig,2
kontinuitet,1
kontor,1
kontrollera,1
kontroversiellt,1
koordinatsystem,1
koordinatsystemet,1
kopiering,1
kopplad,1
kopplas,1
kopplat,1
koppling,2
korrekt,2
korrektheten,1
kort,1
korta,2
kortare,4
kortfattat,1
kost,7
kost-,2
kostar,2
kostnader,4
kostnaderna,1
kostsam,1
kostvanor,1
krafter,4
krav,11
kravet,7
kretslopp,1
krig,3
kring,16
kriser,2
kristendomen,1
kristna,2
kristus,1
kritik,1
kritisk,4
kritiska,2
kritiskt,19
kropp,1
kropparna,1
kroppen,3
kroppsrörelse,2
kroppsövningar,1
kräver,7
krävs,4
ktccva,1
kultur,14
kultur-,3
kulturaktiviteter,3
kulturarbetare,5
kulturarv,5
kulturarvet,1
kulturbakgrund,2
kulturcentrum,1
kulturell,3
kulturella,8
kulturen,1
kulturer,14
kulturers,3
kulturevenemang,1
kulturfaktor,1
kulturfrågor,1
kulturförmedlande,1
kulturgeografiska,1
kulturinsatser,1
kulturinstitutioner,1
kulturkonsumtion,1
kulturkonsumtionens,1
kulturkrets,1
kulturkretsar,2
kulturlandskap,1
kulturliv,2
kulturlivet,2
kulturmönster,1
kulturnämnd,1
kulturområden,1
kulturorganisationer,1
kulturorienterande,1
kulturorientering,3
kulturpolitik,1
kulturpolitiska,2
kulturprogram,1
kulturtradition,1
kulturtraditioner,3
kulturutbyte,1
kulturutbytet,1
kulturyttringar,1
kunna,85
kunskap,37
kunskapen,1
kunskaper,97
kunskaperna,3
kunskapsbehov,2
kunskapsbild,1
kunskapsblottor,1
kunskapsfält,1
kunskapsinhämtandet,1
kunskapskällor,1
kunskapsområden,2
kunskapsstoff,1
kunskapssökande,1
kunskapsutveckling,1
kuperad,1
kuratorer,1
kurs,1
kursen,1
kurser,13
kurserna,7
kursernas,1
kursmoment,1
kursplan,6
kursplanen,6
kursplaner,48
kursplanerna,7
kursplanernas,2
kvadranten,1
kvadrat,3
kvadratrot,1
kvadratrötter,1
kvadreringsreglerna,1
kvalitet,1
kvalitets-,1
kvinna,1
kvinnodominerade,1
kvinnor,5
kvrsplanerna,1
kylans,1
kyrkan,1
kyrkokunskap,2
kyrkor,1
källa,3
källan,1
källor,3
kämpande,1
känd,2
kända,2
kändisar,2
känlsor,1
känna,23
kännas,1
kännedom,12
kännedomen,1
känner,4
känns,1
känsla,4
känslig,1
känslomässig,1
känslomässiga,2
känslomässigt,1
känslor,12
känsloupplevelser,1
kärlek,1
kärna,3
kön,5
könen,2
könsbundna,2
könsfördelning,1
könsroller,6
könsrollerna,1
könsrolls*****,1
könsrolls-,1
könsrollsfrågor,3
könsrollsföreställningar,1
könsrollstänkandet,1
könstillhörighet,1
köp,3
köpa,1
l,1
l1okalt,1
laborationer,2
laborativ,1
laborativa,3
laborativt,2
lag,10
lag-,1
laga,1
lagar,12
lagbestämmelser,1
lagen,5
lagidrotter,1
lagkänsla,1
lagspel,1
lagstiftning,1
land,5
landet,3
landets,2
landskapet,10
landskapets,3
landsting,1
lasa,1
latinska,1
led,5
leda,27
ledande,1
ledare,4
ledaruppgifter,1
ledas,1
ledd,1
ledda,2
leder,8
ledighet,3
ledning,2
lek,4
lek-,1
leka,1
lekar,16
lekens,1
lekplatser,1
lektionens,1
lektioner,14
lektionerna,6
lektionernas,2
lets,1
leva,6
levande,5
levat,1
lever,4
levnadsförhållanden,4
levnadsstandard,1
levnadssätt,2
levnadsvillkor,1
levnadsöden,1
lexikon,3
lidande,1
ligga,2
ligger,2
lighetsuppfattning,1
lika,13
likaberättigande,1
likaså,2
likaväl,1
likformighet,1
likgiltiga,1
likgiltighet,1
likheter,4
likna,1
liknande,3
likriktas,1
liksom,37
likvärdig,3
linjediagram,1
linjer,1
linjers,1
linjära,2
liten,1
liter-,1
litet,1
littera*****,1
litteratur,14
litteraturen,4
litteraturläsning,1
litteraturläsningen,1
liv,11
livet,14
livets,1
livfullt,1
livlina,2
livräddning,2
livräddningsmaterial,1
livräddningsprov,1
livräddningsövningar,2
livs-,1
livserfarenheter,1
livsfrågor,12
livsfrågorna,4
livsförutsättningar,1
livshållning,1
livskriser,1
livskvalitet,1
livsmedel,6
livsmiljö,1
livsmönster,4
livsprocesser,1
livssituation,7
livssituationen,1
livsstil,2
livsstilar,2
livsvillkor,7
livsåskådning,1
livsåskådningar,3
livsåskådningsfrågor,3
ljud,15
ljudband,1
ljudberättelser,1
ljudbildband,1
ljuden,2
ljudenlig,2
ljudet,1
ljudets,1
ljudillustrationer,1
ljudkompositioner,4
ljudkällor,3
ljudteknisk,1
ljus,2
ljusets,1
logiska,2
logiskt,1
lojalt,1
lokal,3
lokala,18
lokaler,8
lokalt,10
lokalvård,1
luft,1
lufttryck,1
lugn,1
luncher,1
lust,3
lustfyllda,1
luther,1
lyckas,6
lyckats,1
lydnad,1
lyfta,2
lyftas,1
lyfts,1
lyssna,19
lyssnande,2
lyssnar,1
läge,2
lägen,1
lägerliv,2
lägerskolor,2
lägerskolverksamhet,1
lägesmått,1
lägga,4
läggas,4
läggning,1
läggs,1
lägre,2
lägst,1
lägsta,1
läkemedel,5
lämna,1
lämnar,3
lämnas,1
lämpar,3
lämplig,2
lämpliga,5
lämpligen,1
lämpligt,6
länder,21
länderna,8
länders,1
längd,11
längdsnitt,1
längre,9
längsta,1
länka,1
länsskolnämnden,3
lär,40
lära,98
lärar-,1
lärarbundna,1
lärare,61
läraren,15
lärarens,2
lärares,1
lärarindividualiteter,1
lärarinsatser,1
lärarna,11
lärarnas,5
lärartimmarna,1
lärartäthet,1
läras,1
lärobok,2
läromede!,1
läromedel,17
läromedelsutveckling,1
läromedlen,2
läroplan,2
läroplanen,5
läroplanens,6
läroplansarbete,1
lärorika,1
lärostoff,1
lärostoffet,1
lärostoffets,1
lärs,1
lärt,6
läs-,10
läsa,39
läsas,3
läseböcker,1
läser,6
läsfär*****,1
läsfärdighet,1
läsfärdigheter,1
läsinlärning,1
läsinlärningen,1
läsintresse,1
läsning,23
läsningen,6
lästa,2
läsundervisning,1
läsår,5
läsåret,9
läsårets,2
läsåretsterminens,1
lätt,6
lätta,3
lättare,7
lättlästa,1
låg-,4
lågstadiet,82
lågstadietiden,2
lån,1
låna,1
lånekostnader,1
lång,5
långa,1
långfärdsåkning,1
långt,12
låsas,1
låta,9
låter,3
löne-,1
löneförändringar,1
löner,1
lönerelationer,1
löpning,3
lösa,12
lösas,2
löses,1
lösning,5
lösningar,7
lösningens,1
lösningsmedel,1
lösningsmetod,1
m,32
makter,1
maktförhållanden,2
man,106
mansdominerade,1
manus,1
mark,1
markerar,1
marknadsföring,1
marknadsföringens,1
marknadsföringsmetoder,3
markplaneringsfrågor,1
marxism,1
maskin,4
maskinell,2
maskiner,2
maskinskrivning,14
maskinskrivningen,1
massa,2
massmarknadeslitteratur,1
massmarknadslitteratur,1
massmedia,1
massmediekunskap,1
massmedieprodukterna,1
massmedier,7
massmediernas,2
massmediestudierna,1
massmedieutbud,1
mat,7
matematik,19
matematiken,2
matematikintensiva,1
matematikundervisningen,1
matematikämnets,1
matematisk,1
matematiska,3
material,32
material-,1
materialet,2
materiallära,1
materialområden,1
materials,1
materialsammanställningar,1
materiella,2
materielsidan,1
mathållning,1
mation,1
matlagning,1
matsmältningsorganen,1
matt-,1
mattor,2
mattraditioner,1
matvanor,1
mbl,1
mdl,2
med,477
med-,1
med?,1
medan,1
medansvar,1
medarbetare,1
medbestämmande,1
medborgare,6
medborgarnas,1
meddela,3
meddelanden,8
medel,18
medelbetygen,1
medelbetyget,2
medeltid,1
medelvärde,1
medelvärdesbegreppet,1
medför,2
medföra,1
medfört,1
medger,2
media,1
medier,2
medinflytande,1
medlem,1
medlemmar,2
medlen,1
medmänniskors,1
medryckande,1
medverka,20
medverkan,10
medverkar,2
medveten,1
medvetenhet,2
medvetet,7
medvetna,22
mekaniskt,1
mekanismer,1
mellan,82
mellan-,1
mellanmål,1
mellanstadierna,4
mellanstadiet,79
mellanstadietiden,2
melodi-,3
melodier,4
melodiska,1
memorerar,1
men,30
menar,4
menas,1
mening,5
meningar,6
meningen,1
meningsbyggnad,1
meningsfull,1
meningsfulla,3
meningsfullt,2
meningsfyllda,1
meningslöshet,1
mer,16
mera,4
mest,1
mesta,1
metall,1
metallslöjd,2
metallslöjden,1
metod,2
metoddiskussionen,1
metoder,23
metodik,8
militära,1
miljon,1
miljö,21
miljöbilder,1
miljöer,14
miljöfaktor,1
miljöfrågor,3
miljöfrågorna,1
miljöförstöring,1
miljökontroll,1
miljökunskap,1
miljön,14
miljöns,4
miljöskildringar,1
miljövänliga,1
miljövård,3
miljövårdande,1
miljövårdsfrågor,2
min,3
mindre,11
miniräknare,2
minnen,1
minoriteter,4
minoritetsgrupp,1
minoritetsgrupper,1
minoritetsgruppernas,1
minoritetskultur,1
minoritetsspråk,1
minska,1
minst,10
minsta,1
minusgrader,1
minuter,2
missbruk,2
missgynnar,1
mission,1
mitlg,1
mitt,1
mitten,1
mjuk,1
mjuka,2
mla,1
mobbning,3
mode,1
modedanser,1
modell,1
modellbygge,1
modeller,6
modellförändringar,1
modern,2
moderna,1
modersmål,2
modifieras,1
mognad,7
molekylbegreppen,1
moment,21
momenten,1
momentet,1
montering,1
moral,2
moraliska,1
morgonsamling,1
mose,1
mot,29
motarbeta,1
motbilder,1
motion,3
motions-,2
motionsformer,1
motionsgymnastik,1
motiv,5
motivation,7
motivationen,1
motiverade,1
motiverande,2
motivet,2
motorer,1
motorik,1
motorkunskap,1
motsatta,1
motstå,1
motsvara,1
motsvarande,9
motsvarar,1
motsvarighet,2
motsvarigheten,1
motsägelsefulla,1
motsättning,1
motsättningar,4
mottagande,1
mottagare,2
motverka,8
motverkar,1
motverkas,1
motvikt,2
multiplikation,2
multiplikationer,1
multiplikations-,1
multiplikationsalgoritmen,1
multiplikationstabellen,1
muntlig,3
muntliga,1
muntligt,5
musicera,1
musik,35
musikalisk,1
musikaliska,2
musikarter,1
musiken,6
musikens,5
musikinstrument,4
musikintresse,1
musikliv,1
musiklivet,1
musiklärare,1
musikmiljöer,1
musikskolan,1
musikstilar,1
musikstycken,1
musikundervisning,1
musikutbudet,1
musikverksamhet,1
muskelfunktion,1
mycket,12
myndigheter,2
mynten,1
män,5
mängden,1
mängder,1
människa,3
människan,23
människans,25
människas,2
människokroppen,1
människokroppens,1
människolivets,2
människor,43
människorna,6
människornas,1
människors,18
människosyn,4
mänsklig,1
mänskliga,8
mänsklighetens,1
märksamhet,1
mäta,1
mätinstrumenten,1
mätning,6
mätningar,3
mätnoggrannhet,1
mätteknik,1
mål,53
mål-,1
måla,2
målen,14
målet,6
målformulering,1
målkonflikter,1
målmedveten,1
målmedvetenhet,1
målmedvetet,2
målning,1
måloch,23
målsättning,2
måltider,4
måltiderna,1
måltidssysslor,1
måltidssysslorna,2
måltidsvanor,3
måltidsverksamhet,1
mån,1
många,38
mångfald,1
mångfaldiga,2
mångkulturellt,1
mångsidigt,3
mångspråkigt,1
mångtydiga,1
måste,138
mått,1
måttliga,1
möbler,2
möblera,1
mödosamt,1
möjlig,1
möjliga,2
möjliggör,1
möjliggöra,5
möjlighet,39
möjligheter,37
möjligheterna,4
möjligt,35
mönster,7
mönster-,1
mönsterritning,1
möta,10
möten,2
möter,10
mötes,1
mötesformer,1
mötesteknik,1
n,1
nackdelar,5
namn,2
narkotika,10
narkotika-,1
nationaliteter,2
nationella,3
natur,8
natur-,2
naturen,18
naturfolkens,1
naturlandskapet,1
naturlig,8
naturliga,11
naturligen,1
naturligt,15
naturmiljön,4
naturområden,2
naturorienterande,17
naturresurser,1
naturresurserna,1
naturskydd,1
naturtillgångar,1
naturtyp,1
naturtyper,1
naturtypers,1
naturvetenskap,2
naturvetenskapen,1
naturvetenskapens,1
naturvetenskaperna,1
naturvetenskaplig-teknisk,1
naturvetenskapliga,1
naturvett,2
naturvård,3
nedan,1
nederbörd,1
nedskräpning,1
nedteckna,1
nedåt,1
negativ,1
negativa,7
nervsystemet,1
neutral,1
neutralitetspolitiken,1
ng,1
nio,2
nivågruppering,1
noga,1
norden,6
nordiska,8
norm,2
normal,1
normala,2
normalt,2
normbildare,1
normer,12
normerna,1
normfrågor,1
normgivande,1
normkonflikter,1
normsystem,1
norrmän,1
norska,5
noter,2
notvärden,1
noveller,2
nu,11
numerisk,1
numeriska,1
nutida,1
nutiden,4
nuvarande,1
nya,14
nyandliga,1
nyanserad,1
nyanserat,1
nyare,3
nybörjarundervisning,1
nyfikenhet,4
nyheter,3
nyhetsbild,1
nyhetsförmedling,1
nyinflyttade,1
nykterhetsfrågor,1
nyskapa,1
nytt,4
nytta,6
nyttjas,1
nä*****,1
nämligen,1
nämnare,2
nämnder,3
när,30
nära,9
näraliggande,4
närhet,6
närings-,1
näringslivet,3
näringsriktig,4
näringsriktiga,1
näringssynpunkt,1
näringsvärde,1
närliggande,1
närma,1
närmare,2
närmast,1
närmevärden,3
närmiljö,6
närmiljön,9
närområde,1
närområdet,3
närsamhälle,2
närsamhället,6
närsamhällets,2
närvaro,2
närvarokontroll,1
närvaroplikt,1
nästa,1
nätspel,1
nå,5
nåd,1
någon,11
någorlunda,1
något,22
några,23
når,1
nått,2
nödvändig,5
nödvändiga,9
nödvändigt,8
nöjesindustrins,1
o,90
oavsett,4
obegåvade,1
obekanta,1
oberoende,4
objektivitet,1
obligatorisk,1
obligatoriska,8
obligatoriskt,3
observationer,2
observera,2
observeras,1
oc,1
och,2667
ocheller,2
också,126
od,17
odling,2
odlingsbar,1
offentlig,1
offentliga,5
ofta,22
ogillar,1
ojämlikheter,1
ojämn,1
ojämna,1
okontroversiellt,1
okränkbarhet,1
okänd,1
olika,379
olikartade,2
olikheter,1
olyckor,2
olycksfall,3
olycksrisker,1
olyckstillbud,1
om,378
omarbetas,2
omedelbara,1
omedelbart,3
omedvetet,1
omfatta,12
omfattande,10
omfattar,6
omfattas,1
omfattning,8
omfattningen,5
omflyttningar,1
omger,2
omgivande,3
omgivning,7
omgivningen,4
omgivningens,1
omkrets,2
omkring,4
omprövas,1
områ*****,1
område,5
områden,8
områdena,1
området,3
omskrivning,1
omsorg,6
omsorgsfull,1
omspänner,1
omständigheter,2
omtanke,1
omval,1
omvärld,3
omvärlden,2
omvärldskunskap,1
omväxling,1
ont,3
oo,23
opartiskt,1
opersonliga,1
opinioner,1
optiska,1
oqo,8
ord,41
ord-,2
ordbildning,1
ordböcker,2
ordböjning,2
orden,1
ordets,1
ordföljd,2
ordförråd,10
ordklasser,1
ordklasserna,1
ordlekar,1
ordlista,1
ordlistor,2
ordna,4
ordnade,2
ordnas,2
ordnat,2
ordning,4
ordningsregler,1
ords,1
ordval,1
ordvalet,1
ordvalör,1
organ,2
organisation,10
organisationen,1
organisationer,14
organisationernas,1
organisationsform,2
organisationsformer,1
organisationslivet,1
organisatoriska,1
organisera,12
organiserad,2
organiserar,3
organiseras,3
organismer,1
orientera,7
orienterad,1
orienteras,1
orientering,17
orienteringen,1
orienteringsvarianter,1
orienteringsämnen,13
orienteringsämnena,9
orienteringsövningar,3
orkesterinstrument,1
orkesterspel,1
oro,1
orsaker,4
orsakerna,1
ort,1
orten,3
ortens,1
orts,1
orätt,3
oss,6
osv,4
osystematiserade,1
osäkerheten,1
otillräckligt,1
otillåtna,1
otrivsam,1
otvunget,1
oupplösligt,1
ovan,2
ovanstående,1
oväsentliga,1
oväsentligt,2
oändlig,1
page,18
par,4
parallell-,1
parallellt,1
parentes-,1
parenteser,1
parentesuttryck,1
parter,2
parterna,1
partier,2
partsförhållandena,1
pass,1
passa,1
passar,3
passiv,3
passiviserande,2
passivt,1
patriarkberättelserna,1
paulus,1
pedagogiska,4
pedagogiskt,3
pekar,1
per,3
periodens,1
perioder,2
periodläser,1
personal,18
personalen,2
personalens,1
personalgrupper,1
personalgruppernas,1
personalinsatser,1
personalorganisationer,1
personalorganisationerna,1
personalutvecklande,1
personella,1
personer,10
personlig,4
personliga,8
personlighet,6
personlighetsutvecklingen,1
personligt,7
perspektiv,16
perspektiviska,1
petroleum,1
petrus,1
pjäser,2
placering,2
planen,1
planer,1
planera,16
planerad,1
planerade,1
planerar,1
planeras,6
planerat,1
planering,21
planeringen,18
planerings-,1
planeringsarbetet,1
planeringsdag,1
planeringsinsatser,1
planeringskonferens,1
planeringsråden,2
planeringsrådet,1
planeringsunderlag,1
planeringsuppgift,1
planeringsuppgifter,2
planlägga,1
plantryck,1
plast,2
plats,6
platser,2
poetiska,2
pojkar,5
polisen,2
politik,1
politisk,2
politiska,6
politiskt,1
polygonområden,1
poprytmer,1
positiv,2
positiva,3
positivt,2
potensform,1
potenslagarna,1
praktik,2
praktisera,2
praktisk,22
praktiska,29
praktiskt,14
prefixen,1
premierar,1
presentation,2
presentera,3
presenterar,1
prestationer,2
prestationerna,1
prestationsförmåga,1
presterat,1
primära,1
primärkommunens,1
princip,1
principen,2
principer,6
prioriteringarna,1
pris,1
pris-,1
priser,2
prisjämförelser,1
prisma,1
prissynpunkt,1
privat,1
privata,1
problem,52
problemen,4
problemet,2
problemets,1
probleminventering,1
problemlösning,7
problemlösningar,1
problemlösningen,2
problemlösningssituationer,1
problemvalet,1
procent,1
procentbegreppet,3
procentform,1
procenträkning,1
procentsats,1
procentsatser,2
procentuella,1
process,1
processer,1
producenter,3
producera,3
producerade,2
produkt,3
produkter,9
produkterna,2
produktion,5
produktionen,1
produktionsmetoder,1
produktiva,1
profeterna,1
profiler,2
profilerad,1
prognoser,1
program,12
programmet,3
projekt,2
projektet,1
projektstudier,1
propaganda,1
propagandabild,1
propagera,2
proportionalitet,1
prosa,3
protokoll,2
prov,3
prydnadsföremål,1
prägel,1
prägla,6
präglad,1
präglar,2
präglas,5
pröva,18
prövar,1
prövas,4
prövning,1
psalmer,2
psykisk,1
psykiska,6
psykologisk,1
publikationer,1
publikreaktioner,1
puls,2
punkt,2
pyramid,1
pytagoras,1
på,349
på*****,1
påbörjas,1
påbörjats,1
påfrestning,1
pågår,1
påståenden,2
påtagliga,2
påtrycka,1
påverka,12
påverkade,1
påverkan,9
påverkar,18
påverkat,1
q,3
r,1
rabatt,1
rabatter,1
racketspel,1
rad,1
radio,3
radio-,2
radioaktivitet,1
radioprogram,1
ram,10
ramar,3
ramen,8
ramsor,6
rangordning,1
raser,1
rationella,2
rationellt,6
rc,1
reaktioner,2
reaktionsförmåga,1
reaktionstid,1
realistiska,1
realistiskt,2
reda,5
redaktionen,1
redan,13
redigeras,1
redigering,2
redogör,2
redogöra,1
redogörelser,2
redovisa,11
redovisas,2
redovisning,1
redovisningar,3
redovisningen,1
redskap,8
redskapsbanor,1
redskapsgymnastik,1
redskapsövningar,1
reella,4
referat,2
referensram,1
referera,2
reflektera,5
reflekterande,1
regel,3
regelbunden,2
regelbundenhet,1
regelbundet,2
regelbundna,1
regelrätt,1
regelsystem,2
regering,3
regeringen,2
regional,3
register,1
registrering,1
regler,13
reglerar,1
regleras,4
reglerna,2
reguljära,4
reklam,3
reklambild,1
rekreation,6
rektangel,2
rektanglar,1
rektor,19
rektors,1
rektors*****,1
rektorsområde,6
rektorsområden,3
rektorsområdena,1
rektorsområdes,1
rektorsområdet,5
relaterar,1
relation,1
relationer,7
relativa,2
relativt,1
relevant,1
religion,1
religionen,1
religioner,2
religionshistoria,1
religionskunskap,6
religiös,3
religiösa,8
reningsverk,1
reparation,2
reparationer,2
reparera,1
repeteras,1
repetition,2
repetitioner,2
reportage,1
representanter,6
representanterna,1
representativt,1
representerar,2
reproduktionsarbete,1
resonans,1
resonemang,1
resp,2
respekt,9
respekten,3
respektera,3
respektive,2
resten,1
restider,1
resultat,8
resultatet,3
resultera,1
resurs,1
resursanvändning,1
resursanvändningen,2
resurser,26
resurserna,2
resursfördelning,4
resursproblem,1
resurssatsning,1
resursutnyttjande,1
rika,3
rikare,1
rikhaltiga,1
rikliga,1
rikligt,1
riksdag,3
riksgenomsnittet,1
rikt,3
riktar,1
riktas,1
riktiga,3
riktigt,1
riktlinjer,42
riktlinjerna,3
riktning,1
riktningar,1
riktningsgivare,1
riktvärde,2
rim,1
rimlig,1
rimlighet,1
ringslivet,1
rinkbandy,1
risk,1
risker,4
riskerar,3
rita,1
ritningar,3
ritningars,1
ro,1
roa,3
roll,26
rollen,1
roller,4
rollspel,5
romaner,1
rotlagarna,1
rulla,1
rum,3
rumsbildning,1
rundbana,1
runt,2
ryggsim,1
rymden,1
rymdgeometriska,1
ryms,1
rytm,6
rytm-,3
rytmer,2
rytminstrument,3
rytmiska,1
rytmkänsla,1
rytmorkester,1
räcker,1
räddar,3
räddningsmaterial,1
rädsla,1
räkna,9
räknemässiga,1
räknesätt,1
räknesätten,4
räkneuppgifter,1
räkning,3
ränta,3
räta,1
rätblock,1
rätt,30
rätta,1
rätten,1
rättfärdighet,1
rättighet,1
rättigheter,9
rättigheterna,3
rättslig,1
rättsliga,1
rättssamhället,1
rättvisa,2
räåttigheter,1
råd,3
rådande,2
rådde,1
råder,4
rådgivning,2
råkar,1
råvaror,4
rör,9
röra,1
rörande,1
rörelse,13
rörelseapparaten,1
rörelsebehov,2
rörelseförråd,1
rörelseglädje,1
rörelselekar,2
rörelser,6
rörelserna,1
rörelsesätt,2
rörelseuppgifter,2
rörelseövningar,2
rörlighet,1
röst,2
röst-,1
röster,2
rötter,1
s,14
s2,1
sagor,11
sagostunder,1
sak-,1
saken,1
saker,2
sakfrågor,3
saklig,3
sakliga,2
saklighet,8
sakligt,1
saknar,3
sakprosa,3
sakprosan,1
sakriktig,1
samarbeta,3
samarbetar,1
samarbete,35
samarbetet,2
samarbetets,1
samarbetsförmåga,2
samband,35
sambanden,1
sambandet,7
sameundervisningen,1
samfund,4
samheter,1
samhäl*****,1
samhälle,22
samhällen,3
samhällenas,1
samhälles,1
samhället,44
samhällets,9
samhälls-,7
samhällsarbetet,2
samhällsekonomi,1
samhällsfrågor,1
samhällsförhållanden,4
samhällsgemenskapen,1
samhällsinformation,1
samhällskunskap,4
samhällsliv,2
samhällslivet,3
samhällsmedlemmar,1
samhällsnivå,1
samhällsorienterande,16
samhällsorientering,2
samhällsperspektiv,1
samhällsperspektivet,1
samhällsplanering,3
samhällssyn,1
samhällsvetenskaperna,1
samhällsvärderingar,1
samhållets,1
samhåällsmedlemmar,1
samhörighet,4
samhörigheten,1
samla,3
samlad,7
samlade,6
samlas,3
samlat,1
samlevnad,6
samlevnads-,3
samlevnadsformer,1
samlevnadsfrågor,5
samlingar,4
samlingsstunder,1
samliv,1
samlivet,1
samma,26
samman,4
sammanfatta,1
sammanfattande,1
sammanfattningar,1
sammanhang,32
sammanhanget,2
sammanhängande,3
sammanhänger,1
sammanhållningen,1
sammankomster,3
sammanlagda,1
sammanlagt,1
sammansatt,2
sammansatta,2
sammansätta,1
sammansättning,4
sammansättningar,1
sammanträda,1
sammanträden,1
samordna,1
samordnas,1
samordnat,1
samråd,16
samråda,2
samrådet,1
samråds-,1
samspel,2
samspelet,3
samspelsförmågan,1
samspelsövningar,2
samstämmighet,1
samt,122
samtal,16
samtala,8
samtalen,5
samtalet,3
samtalsgrupper,1
samtalsövningar,3
samtidigt,12
samtliga,5
samvaro,2
samvaron,1
samverkan,63
samverkansenheter,1
samvete,2
sanning,1
sannolikhet,1
sannolikheter,2
sannolikhetsbegreppet,1
sannolikhetslära,3
sats,1
satsdelar,1
satser,2
satsmelodi,1
schabloner,1
schema,1
schemabrytande,1
schemabundna,1
schemaläggningen,2
scheman,1
schematekniskt,1
schemats,1
se,18
sedan,7
sedda,2
sedlarna,1
sektor,1
sektorer,1
sektorerna,2
sektorn,1
sekunder,1
senare,4
ser,1
serie,1
serier,5
servering,1
service,7
serviceinställning,1
ses,1
sett,1
sex,2
sexual-,1
sexualetik,2
sexualfrågor,4
sexualitet,1
sida,2
sidan,5
sidor,1
sig,292
sikt,2
simförmågan,1
simkunnighets-,1
simkunnighetsprov,2
simning,3
simsätt,1
simträning,1
sin,90
sina,59
sinnesorganen,1
sinnesstämningar,1
sinsemellan,1
sista,2
sistnämnda,1
sitt,36
sitta,1
sittställningar,1
situation,16
situationen,1
situationer,17
sj-ljuden,1
sju,1
sjuka,1
sjukdom,4
sjukdomar,2
sjukhus,1
sjukvård,1
sjunga,4
själv,11
själva,40
självanalys,1
självförtroende,2
självklart,3
självkännedom,1
självkänsla,4
självständiga,2
självständigt,6
självt,1
självtillit,4
självuppfattning,2
självändamål,1
sjöis,1
sjöisars,1
skadegörelse,1
skadeverkningar,1
skadliga,2
skador,1
skaffa,31
skaffar,1
skaffat,1
skala,2
skalangivelse,1
skalbegreppet,1
skall,564
skapa,18
skapande,20
skapar,3
skaparvilja,1
skapas,1
skapelseberättelserna,1
ske,18
skeende,1
skeenden,2
sker,6
skett,3
skev,1
skicka,1
skidor,1
skidturer,2
skidutrustning,1
skidvett,1
skidvård,2
skidåkning,5
skidåkningen,1
skidåkningsform,1
skiftande,2
skilda,24
skildra,1
skilja,2
skiljaktiga,3
skiljer,1
skiljetecken,4
skillnaden,1
skillnader,5
skillnaderna,2
skiss,1
skiss-,1
skisser,1
skjuta,1
skjuts,1
skog,1
skogen,1
skogsbruk,2
skol*****,1
skol-,2
skola,23
skolakontakter,1
skolan,256
skolans,109
skolarbete,4
skolarbetet,21
skolarbetets,1
skolbibliotekarier,1
skolbiblioteken,1
skolbiblioteket,3
skolbibliotekets,1
skolbyggnaderna,1
skoldag,7
skoldagen,21
skoldagens,8
skoldaghem,1
skolenhet,2
skolenheten,1
skolenheter,1
skolenhets,1
skolformen,1
skolformer,1
skolformerna,1
skolförordningen,11
skolgång,3
skolgången,1
skolgårdarnas,1
skolgården,1
skolgårdsorientering,1
skolhälsovården,1
skolkurator,1
skollagen,3
skollagens,1
skolledare,2
skolledning,4
skolledningen,11
skolledningens,2
skolluncher,1
skolläkare,1
skolmiljö,2
skolmiljöer,1
skolmiljön,2
skolmåltider,1
skolområdet,1
skolor,14
skolorganisationens,1
skolorna,3
skolornas,2
skolpersonal,3
skolpliktens,1
skolpsykolog,1
skolpsykologer,1
skolskjutsar,1
skolsköterska,1
skolstart,1
skolstarten,4
skolstyrelse,2
skolstyrelsen,25
skolstyrelsens,6
skolstyrelser,1
skolstyrelserna,1
skolsvårigheter,3
skoltiden,2
skoltidning,1
skoltidningar,3
skoltidningen,1
skoltrötthet,1
skolveckohem,1
skolverksamheten,2
skolvärdar,1
skolämnen,5
skolåldern,2
skolåren,2
skolöverstyrelsen,1
skor,1
skridskoåkning,1
skrift,14
skriftlig,1
skriftliga,7
skriftligt,6
skriftspråk,3
skriftspråkets,1
skriv-,1
skriva,42
skrivandet,1
skrivelser,1
skriven,1
skriver,3
skrivförmåga,1
skrivinlärning,5
skrivinlärningen,2
skrivmaskinen,3
skrivna,2
skrivning,10
skrivningen,1
skrivsituationen,1
skrivsvårigheter,1
skrivtecken,1
skrivträning,2
skrivundervisningen,4
skrivövningar,2
skugga,1
skuld,1
skull,1
skulle,5
skulptera,1
skulptur,1
skydd,1
skyddsanordningar,1
skyddsföreskrifter,2
skyddsingenjörer,1
skyddsombud,2
skyldig,4
skyldiga,1
skyldighet,4
skyldigheten,2
skyldigheter,7
skyldigheterna,1
skyms,1
skäl,2
skälet,1
skärning,1
skönhet,1
skönhetsvärden,1
skönlitteratur,6
skönlitteraturen,1
sköta,1
sköter,1
skötsel,3
slag,32
slags,3
slang,1
slentrianmässigt,1
slut,3
sluta,1
slutar,1
slutet,3
sluts,1
slutsatser,7
släkts,1
släktskap,1
slå,1
slöjd,13
slöjdarbetet,1
slöjdart,1
slöjdarter,1
slöjdarterna,1
slöjden,2
slöjdens,6
slöjdundervisningen,1
smak,2
smidigt,1
smittorisker,1
smärta,1
små,4
smådanser,1
snabb,1
snabba,2
snabbhet,1
snabbt,1
snarast,1
sned,1
snickra,1
snävt,1
social,8
sociala,21
socialgrupper,2
socialt,1
sofistikerad,1
solen,1
solidaritet,5
som,600
sortering,1
sorters,2
sovra,2
spara,2
sparsam,1
specialgren,2
specialisering,1
specialkompetens,1
specialkurser,1
speciallärare,1
speciallärarna,2
speciallärarnas,1
specialpedagogiska,3
specialpedagogiskt,2
specialskolan,1
speciell,3
speciella,11
speciellt,17
specifikt,1
spegla,1
speglar,1
speglas,2
spekulativt,1
spel,4
spela,12
spelar,9
spelet,1
spelövningar,1
spontana,2
spontant,2
sprida,4
spridning,1
springa,1
språk,45
språkbehärskning,1
språkbruk,3
språken,6
språket,28
språkets,5
språkfärdighet,1
språkfärdigheter,1
språkförhållanden,1
språkförmåga,1
språkförståelsen,1
språkgrupp,2
språkkunskaper,6
språkkunskaperna,1
språkkursernas,1
språklig,1
språkliga,10
språkligt,4
språklära,3
språkmiljö,1
språkområde,1
språkriktighet,1
språksituationen,1
språksituationer,3
språkskillnader,1
språkundervisningen,1
språkutveckling,5
språkutvecklingen,1
spänning,4
spår,1
ss,1
ssa-råden,1
ssa-rådet,1
ssändarens,1
stabiliserar,1
stabilitet,1
stadga,1
stadie-,1
stadiegränser,1
stadiegränserna,1
stadier,13
stadierna,10
stadieveckotimmar,7
stadieveckotimmar!,1
stadieveckotimme,1
stadieövergångar,2
stadium,3
stadiums,1
stadslandskap,1
stafetter,1
stam,1
standardiserad,1
standardprov,1
stannar,1
stapeldiagram,1
stark,2
starka,1
starkare,1
starkares,1
starkt,1
start,1
starta,1
staten,1
statens,1
stater,1
statistik,5
statistiska,1
statistiskt,1
status,1
statustänkande,1
stava,3
stavelse,1
stavning,6
sten,1
stereotyp,1
stereotypa,1
sticka,1
stifta,2
stigande,1
stilnivåer,1
stilriktningar,1
stimulans,7
stimulera,16
stimulerar,4
stimuleras,6
stoff,27
stoffet,12
stoffets,1
stoffmängden,1
stoffområden,5
stoffurval,1
stoffurvalet,1
stoffördelning,1
stolpdiagram,1
stor,19
stora,17
storlek,2
storleksordnas,2
stort,11
straff,1
strider,4
struktur,4
strukturer,2
strukturera,1
strukturerna,1
sträcka,1
sträckmoment,1
strängt,1
sträva,8
strävan,4
strävanden,1
studera,21
studerade,2
studerar,2
studeras,7
studie-,20
studiebesök,13
studiecirkel,1
studiedagar,1
studieförbund,1
studiegång,10
studiehandledning,2
studiehandledningen,1
studiemisslyckanden,1
studiemotivation,1
studiemöjligheter,1
studieoch,1
studieområden,1
studier,37
studieresultat,1
studierna,7
studiernas,1
studiesituation,1
studiesvårigheter,1
studiesätt,1
studiet,1
studieteknik,2
studietekniska,1
studietid,1
studieuppgifter,1
studieval,2
studievalet,5
studieväg,1
studievägledning,1
stycke,1
stycken,2
styr,7
styra,2
styras,2
styrinstrument,2
styrka,2
styrs,3
städning,3
ställa,11
ställas,2
ställda,1
ställer,7
stället,5
ställning,19
ställningstagande,4
ställningstaganden,3
ställs,3
ställt,1
stämningar,2
stämningsskapande,1
ständigt,8
stärka,6
stärker,2
stå,4
stålframställning,1
stånd,2
ståndpunkt,2
står,6
stöd,22
stöder,2
stödet,1
stödja,15
stödmöjligheterna,1
störningar,1
större,19
största,2
substantiv,1
subtraheras,3
subtraktion,1
subtraktioner,1
subtraktionsalgoritmerna,1
subtraktionstabellerna,1
successivt,6
suggestion,1
summan,1
svagare,1
svagmotiverade,1
svar,1
svara,7
svarar,4
svensk,2
svenska,61
svenskan,2
svenskt,1
svensktalande,1
svenskundervisningen,2
sverige,16
svit,2
svår,2
svårare,4
svårförståeliga,1
svårighet,1
svårigheter,28
svårigheterna,1
svårt,3
svåruttalade,1
sy,1
syfta,4
syftar,19
syfte,13
syften,4
syftet,12
symboler,1
symboliska,1
symmetri,1
syn,1
synen,5
synliga,1
synnerhet,2
synpunkt,4
synsätt,1
syo,14
syo-arbetet,1
syo-funktionären,1
syofunktionärens,1
syofunktionärer,2
syofunktionärerna,1
syons,2
syostoffet,1
sysselsätta,1
sysselsättning,2
sysselsättningar,2
sysslar,1
system,3
systematik,2
systematiserad,1
systematiseringen,1
systematisk,1
systematiskt,2
säga,3
säger,1
sägner,1
sägs,1
säker,1
säkerhet,7
säkerhetsbestämmelser,1
säkerhetsfrågor,2
säkerhetsföreskrifter,2
säkerhetspolitiken,1
säkerhetsriskerna,1
säkerhetsutrustning,1
säkerhetsåtgärder,1
säkert,1
säkra,1
säljer,1
säljs,1
sällan,2
sämre,1
sändare,1
sänka,1
särdrag,2
särprägel,1
särskild,18
särskilda,9
särskilt,23
sätt,59
sätta,2
sättas,2
så,74
så*****,1
sådan,13
sådana,43
sådant,13
således,11
sålunda,1
sång,8
sånger,12
sånglekar,3
sångtexter,1
såsom,7
såvida,1
såvitt,1
såväl,19
sö,2
söka,27
sökande,2
söker,6
sökt,1
sökta,1
sömn,1
sömnad,1
t,84
ta,68
tabeller,4
taget,2
tagit,1
takt,5
taktik-,1
tal,32
tala,27
talad,5
talade,2
talar,2
talas,4
talbegreppet,1
talen,5
talkörer,1
talsituationer,5
talspråk,5
talövningar,7
talövningarna,3
tankar,4
tanke,2
tappa,2
tar,10
tas,21
teater,4
teaterföreställningar,4
teckenregler,2
teckna,1
teckning,2
teknik,11
teknik-,2
tekniken,3
teknikens,2
tekniker,4
teknikskolning,1
teknikträning,1
teknisk,1
tekniska,9
tekniskt,2
tekniskt-praktiska,2
tema,4
tema-,1
temaarbeten,5
temadagar,1
teman,8
temaområden,2
temaplaneringen,1
temastudier,11
temastudierna,1
tematiska,1
temauppgifter,3
temperatur,2
tempo,1
tempoförändringar,1
tendensen,1
tendenser,1
tendentiös,2
tendentiösa,1
tennis,1
teoretisk,2
teoretiska,1
teoretiskt,2
teori,3
teoribildning,1
teorier,4
termin,3
terminen,1
terminologi,1
terminskurser,1
terräng,5
terrängförhållanden,1
terrängslingor,1
tex,7
text,3
texta,1
texten,2
textens,2
texter,42
texterna,5
textilslöjd,2
textilslöjden,1
textmaterial,1
textrytm,1
tid,51
tiden,10
tider,8
tiderna,1
tidigare,10
tidigt,5
tidningar,17
tidningen,2
tidpunkt,2
tids,1
tids-,1
tidsangivelser,1
tidsdifferenser,1
tidsenheterna,1
tidsgräns,1
tidskrifter,4
tidskrävande,1
tidsperspektiv,4
tidsperspektivet,1
till,436
tillaga,3
tillagning,2
tillfredsställa,1
tillfredsställelse,1
tillfredsställelsen,1
tillfredsställer,1
tillfälle,10
tillfällen,5
tillföra,1
tillförs,1
tillgodogöra,2
tillgodose,4
tillgodoser,1
tillgängliga,5
tillgängligt,1
tillgång,14
tillgången,1
tillhanda,1
tillhandahåller,1
tillhör,2
tillhöra,1
tillhörande,1
tillit,2
tilliten,1
tillkommer,1
tillkommit,1
tillkomst,1
tilllämpningar,1
tilllämpningen,2
tilllämpningsuppgifter,1
tillmätt,1
tillräcklig,3
tillräckliga,1
tillräckligt,3
tillrättalagd,1
tillrättalagda,1
tillrättalagt,1
tills,2
tillsammans,23
tillse,1
tillskjuter,1
tilltro,1
tillval,5
tillvalet,1
tillvalsblocket,1
tillvalskurser,5
tillvalskurserna,1
tillvalsämne,2
tillvalsämnen,1
tillvara,2
tillvarata,1
tillvaratas,1
tillvaro,1
tillvaron,6
tillvaron;,1
tillverka,3
tillverkare,1
tillverkas,1
tillverkning,3
tillverkningsprocesser,1
tillväxt,1
tillägna,13
tillägnar,6
tillämpa,8
tillämpar,1
tillämpas,1
tillämpbar,1
tillämpning,9
tillämpningar,4
tillämpningarna,2
tillämpningen,1
tillämpningsområden,1
tillämpningsövningar,1
tillåtna,1
timantalet,1
timplan,2
timplanebunden,2
timplanebundna,1
timplanen,5
timplaner,3
timplanerna,2
ting,3
tingen,2
tio,2
tiopotens,2
tiopotenser,1
tittar,1
tj-,1
tjäna,3
tjänar,2
tjänster,1
tjäntemän,1
tobak,9
tobaksfrågorna,1
tolerans,1
tolka,14
tolkar,1
tolkning,5
tolv,2
ton,1
tonalstring,1
tonvikt,2
tonåring,1
topptriangelsatsen,1
torde,1
total,1
totala,2
totalförsvar,1
totalförsvaret,1
tradition,3
traditionell,1
traditionella,4
traditionellt,2
traditioner,3
trafik-,1
trafikalternativ,1
trafikantroller,1
trafiken,3
trafikfaror,1
trafikfrågor,2
trafikkunskap,1
trafikmiljö,1
trafikmiljöer,1
trafikmiljön,2
trafikplanering,1
trafikproblem,1
trafiksituationer,1
trafiksäkerhet,1
trafiksäkerheten,1
trafiksäkerhetsarbetet,1
transportsätt,1
transportvägar,1
tre,14
tredimensionella,2
tredje,2
tredjedel,1
treåriga,2
triangel,2
trianglar,1
trivsam,1
trivsel,1
tro,7
trosföreställningar,1
trossamfund,2
trots,2
tryck,1
tryckt,4
tryckta,4
trygg,2
trygghet,3
tryggheten,1
trä,1
trä-,3
träffa,1
träffas,1
träget,1
träna,14
tränar,3
tränas,7
trängre,1
träning,20
träningen,4
träningsprinciper,1
träningsprogram,2
träningstillfällen,1
tröst,1
tt,1
tummar,1
tunnband,1
tur,4
turteknik,1
tv,6
tv-,1
tv-program,3
tvingar,1
tvärsäkra,1
tvärtom,1
tvätt,4
två,13
två-,2
tvång,1
tvåor,1
tvåspråkighet,3
tycke,1
tyda,1
tydlig,4
tydliga,2
tydligt,2
tyngdpunkt,3
tyngdpunkten,2
typ,1
typen,3
typer,3
tyska,7
tyst,1
täcker,2
tänka,3
tänkande,1
tänkbara,1
tänkesätt,1
tänkt,1
u-landshjälp,1
ud,1
umgänge,1
undantag,1
under,92
underfund,1
underhåll,3
underhålla,3
underhållning,1
underhållningsbild,1
underlag,6
underlaget,1
underlätta,3
underlättar,5
underlättas,1
undermålig,1
undermåliga,1
underrättas,1
understödja,1
undersöka,15
undersökande,5
undersöker,1
undersökning,3
undersökningar,13
undertrycka,1
undervisa,1
undervisas,1
undervisning,40
undervisningen,117
undervisningen?,1
undervisningens,3
undervisningsbundna,1
undervisningsfrågor,1
undervisningsgrupp,6
undervisningsplaneringen,1
undervisningsprogram,1
undervisningssituationer,1
undervisningstimmar,1
undran,1
undvika,5
unga,1
ungdom,5
ungdomar,12
ungdomarna,1
ungdomars,2
ungdomen,1
ungdomsarbete,2
ungdomsböcker,2
ungdomsfrågor,1
ungdomsföreningar,1
ungdomskultur,3
ungdomsmiljö,1
ungdomsmiljöer,1
ungdomsåren,1
ungefär,1
upp,56
upp*****,1
uppbyggnad,3
uppbyggnaden,1
uppdelningen,1
uppdrag,2
uppe,1
uppenbart,1
uppfatta,4
uppfattar,3
uppfattning,6
uppfattningar,10
uppfattningen,1
uppfyller,1
uppföljande,2
uppföljningsansvar,2
uppgift,24
uppgiften,2
uppgifter,24
uppgifterna,2
upphör,1
upphört,1
uppkomma,1
uppkomst,2
upplagd,1
upplagt,1
uppleva,12
upplevas,1
upplevda,3
upplevelse,5
upplevelsen,2
upplevelser,15
upplever,6
upplevs,1
upplysningar,7
uppläggning,4
uppmjukning,1
uppmuntra,5
uppmuntran,4
uppmuntras,8
uppmärksam,1
uppmärksamhet,3
uppmärksamma,5
uppmärksammas,9
uppnå,6
uppnås,5
uppnått,2
upprepad,2
upprätta,1
upprätthålla,1
upprätthållas,1
uppsatser,1
uppskatta,2
uppskattning,1
uppskov,1
uppslag,4
uppslagsbok,1
uppslagsböcker,4
uppslagsverk,1
uppställda,2
uppstå,1
uppstår,1
uppstått,1
uppsättning,1
uppsöka,2
uppsökande,4
upptas,2
uppträdande,1
upptäcka,5
upptäcker,1
upptäckter,2
uppvärmning,2
uppväxt,1
uppväxtmiljön,1
uppväxtvillkor,2
uppöva,1
uppövad,1
ur,15
urbanisering,2
urkristna,1
urskiljning,1
ursprung,1
ursprungskultur,1
ursprungslandet,2
ursprungslandets,1
urval,9
urvalet,7
urvalsgrund,1
urvalsgrunder,1
urvalsprinciper,1
ut,14
ut*****,1
utan,20
utanför,17
utarbetad,1
utarbetas,1
utarbetats,1
utarmning,1
utbildade,4
utbildning,17
utbildningar,2
utbildningen,4
utbildningens,2
utbildnings-,1
utbildningsvägar,3
utbildningsväsendet,1
utbredning,3
utbrytning,1
utbud,3
utbudet,3
utbyggnad,1
utdragen,1
ute,4
uteblivit,1
utelämnas,1
utesluter,3
utevistelse,2
utflykter,3
utforma,6
utformad,1
utformade,3
utformas,7
utformat,1
utformning,24
utformningen,6
utforska,1
utfärdar,2
utföra,9
utförande,2
utföras,2
utförda,1
utförs,2
utger,1
utges,1
utgå,21
utgående,2
utgångsläge,2
utgångspunkt,15
utgångspunkten,6
utgångspunkter,2
utgår,1
utgör,14
utgöra,7
utifrån,16
utkast,1
utläggningen,1
utländska,2
utmynna,1
utmärker,2
utmärkt,1
utnyttja,24
utnyttjandet,1
utnyttjar,2
utnyttjas,8
utnyttjat,1
utom,6
utomeuropeiska,1
utomhus,1
utpräglad,1
utprövning,1
utredning,1
utrustning,15
utrymme,10
utsatta,1
utseende,1
utser,1
utskrifter,1
utslätade,1
utsträckas,1
utsträckning,9
utsträckt,1
utställning,1
utställningar,4
utsättas,1
utsätts,3
uttal,9
uttala,1
uttalanden,1
uttalet,3
uttalsregler,1
uttnyttja,1
uttryck,19
uttrycka,32
uttrycker,1
uttrycks,1
uttrycks-,1
uttrycksbehovet,1
uttrycksfull,1
uttrycksfullt,1
uttrycksförmåga,3
uttrycksmedel,5
uttrycksmedlen,1
uttrycksmöjligheter,1
utvandringen,1
utveckla,56
utvecklande,1
utvecklar,15
utvecklas,8
utvecklats,2
utveckling,44
utvecklingen,17
utvecklingens,1
utvecklingsarbetet,1
utvecklingshistoriskt,1
utvecklingslinjer,2
utvecklingsländer,2
utvecklingsländernas,1
utvecklingsmöjligheterna,1
utvecklingsprocess,1
utvecklingsprogram,2
utvidgade,1
utvidgas,2
utvidgning,1
utvinna,1
utvärdera,4
utvärderas,4
utvärdering,9
utvärderingen,7
utvärderingsdagar,1
utöka,1
utökad,3
utökas,2
utökat,3
utökning,1
utövar,2
utövat,1
utöver,16
uvecklingsarbete,1
vad,67
vaga,1
val,23
valalternativ,2
valda,2
valen,2
valet,5
valfria,1
vallning,1
valmöjligheter,1
valsituationer,2
valt,1
valtillfällen,1
valuta,1
vana,3
vanan,1
vandalisering,1
vandringar,3
vanliga,19
vanligaste,9
vanligen,5
vanligt,3
vanmakt,1
vanor,1
var,6
vara,94
varaktigt,1
varandra,12
varandras,1
vardag,3
vardagen,3
vardaglig,2
vardagliga,8
vardags-,2
vardagsfärdighet,1
vardagsfärdigheter,6
vardagsfärdigheterna,1
vardagsförhållanden,1
vardagskunskaper,2
vardagsliv,4
vardagslivet,7
vardagsnära,4
vardagsproblem,4
vardagssituationer,1
vardagstingen,2
vare,1
varefter,1
varför,2
variant,1
varianter,1
variation,2
variationsrikt,1
variera,4
varierande,2
varierar,2
varierat,1
varit,3
varje,33
varken,1
varningsbild,1
varor,4
vars,1
varse,1
vart,1
varvas,2
vatten,7
vattenbollspel,1
vattengymnastik,1
vattensport,1
vattenvaneövningar,1
vattnets,2
vecka,1
vecklar,1
veckolånga,1
veckor,5
veckotimmar,1
vedertagna,3
vegetationsområden,1
vem,3
verb,1
verbal,1
verbalt,1
verk*****,1
verk-v,1
verka,12
verkan,1
verkat,1
verklighet,5
verkligheten,7
verklighetsbild,1
verklighetsflykt,1
verklighetsnära,2
verklighetsuppfattning,2
verkningar,1
verksamhet,55
verksamheten,15
verksamhetens,1
verksamheter,7
verksamhetsbehov,1
verksamhetslust,1
verksamhetslusten,1
verksamhetsområden,2
verksamhetsperiod,1
verksamma,1
verkställighetsnivå,2
verktyg,6
verna,1
vers,2
versioner,1
vet,1
veta,2
vetande,1
vetenskaplig,1
vetgirighet,3
vi,11
via,5
vid,89
vida,1
vidare,27
vidareutveckla,2
vidareutvecklas,2
vidareutveckling,1
video,2
videons,1
vidga,11
vidgade,2
vidgar,2
vidmakthålla,2
vidta,1
vidtas,1
vika,1
vikt,4
vikten,4
viktig,15
viktiga,14
viktigare,1
viktigaste,2
viktigt,26
vila,5
vilar,4
vilja,7
vilka,22
vilken,12
vilket,6
vill,13
villkor,9
vilseleda,1
vilseledas,1
vinkelbegreppet,1
vinklar,2
vinna,1
vinsterna,1
vinterhygien,1
visa,2
visar,2
visat,1
visning,1
visor,4
viss,12
vissa,26
visst,3
vistas,2
vistelse,2
visuella,1
vokal,1
vokaler,1
volleyboll,1
volym,6
vuxen,2
vuxenlitteratur,1
vuxenlivet,1
vuxenroll,1
vuxenutbildning,1
vuxenvärlden,1
vuxna,17
vuxnas,4
vuxne,1
vv2,1
vykort,1
väcka,5
väckelserörelserna,1
väcker,1
väder,4
väderiakttagelser,3
väderkunskap,1
väderrapportering,2
väga,1
vägar,3
väggar,1
väggtidningar,1
vägledande,1
vägledning,2
vägs,1
väl,15
välbefinnande,6
välja,22
väljas,4
väljer,8
väljs,2
vända,1
vänja,11
vänjer,4
vänskap,1
värde,4
värdefrågor,3
värdefull,2
värdefulla,4
värdefullaste,1
värdefullt,1
värden,6
värdena,1
värdera,7
värderande,1
värderingar,32
värderingarna,2
värderings-,1
värderingsfria,1
värderingsfrågor,2
värdeståndpunkter,1
värdet,4
värld,3
världen,15
världs*****,1
världsbild,1
världsbilden,1
världsdelar,5
världsdelarna,1
världshav,1
världsproblemen,1
världssamhället,1
världsspråk,1
värme,1
värna,1
väsentlig,5
väsentliga,10
väsentligaste,1
väsentligt,12
vätskebehovet,1
vävning,1
växa,1
växande,3
växer,2
växla,1
växlar,1
växter,6
växters,1
växtodling,1
våga,1
vågar,5
våld,3
vår,21
våra,11
vård,15
vårda,7
vårdad,2
vårdat,3
våren,1
vårt,16
vårtermin,2
vårterminsbetyget,1
yngre,5
yrke,1
yrken,19
yrkens,2
yrkeserfarenhet,1
yrkesgrupper,2
yrkesliv,1
yrkeslivet,4
yrkesmässigt,1
yrkesorientering,9
yrkesorienteringen,5
yrkesplanerna,1
yrkesroller,2
yrkesval,3
yrkesvalet,4
yrkesverksamhet,3
yrkesvägledningen,1
yrkesvägledningssamtalet,1
yrket,1
yta,1
ytbehandla,1
ytor,1
ytterligare,11
yttra,3
yttre,5
|,3
ä,1
äga,1
ägna,6
ägnade,1
ägnas,7
äldre,7
ämnar,1
ämne,8
ämnen,96
ämnena,14
ämnenas,2
ämnens,2
ämnesblock,1
ämnesbunden,1
ämnesgrupp,2
ämnesgrupper,8
ämnesgruppernas,1
ämnesgränser,2
ämnesgränserna,1
ämnesområden,1
ämnesspecifika,1
ämnesundervisning,1
ämnesvisa,1
ämnesövergripande,2
ämnet,10
ämnet?,1
ämnets,2
än,29
ändamål,1
ändamålsenlig,1
ändelse,1
ändra,2
ändrad,1
ändrade,2
ändras,2
ändring,1
ändå,2
ännu,2
är,287
ärftligheten,1
ärlighet,1
äta,1
även,44
äventyr,1
äventyrsberättelser,1
å,4
åhörardagar,1
åkning,1
åkteknik,1
åkövningar,3
ålder,5
åldern,1
åldrande,4
åldrar,5
åldrarna,1
åligger,2
år,10
års,1
årskurs,3
årskurs-,1
årskursen,2
årskurser,10
årskurserna,6
årstider,2
årstiderna,2
åsikter,16
åsiktsläger,1
åskådliggöra,1
åskådligt,1
åskådningar,4
åstadkomma,2
åt,19
åta,1
åter,1
återanvända,3
återanvändning,1
återbruk,1
återge,1
återkommande,3
återspegla,1
återstående,1
åtgärd,1
åtgärden,1
åtgärder,12
åtgärdsprogram,2
åtminstone,1
åtskilliga,1
öde,1
ögonen,1
öka,6
ökad,12
ökade,2
ökar,7
ökas,2
ökat,5
önska,1
önskar,2
önskemål,5
önskvärda,1
önskvärt,1
öppen,1
öppenhet,1
öppet,1
öppna,1
ör,1
öva,24
övande,1
övar,4
övas,4
över,18
överbefolkning,1
överblick,3
överblickbara,1
överbrygga,1
överens,11
överenskommas,1
överenskommelser,2
överensstämmelse,1
övergripande,4
övergången,2
övergår,1
överhanden,1
överklaga,1
överkurser,1
överlevnad,1
överlevnadsfrågor,1
överlevnadsfrågorna,1
överlevnadsproblem,1
överordnad—underordnad,1
översiktligt,1
överslag,1
överslagsräkning,8
överträdelser,1
övervaka,1
övervägande,1
överväganden,1
övervägt,1
överväldigande,1
övervärdera,1
övninar,1
övning,22
övningar,26
övningarna,1
övningsform,1
övrig,2
övriga,18
övrigt,10
—-,1
